bag,latency_status,lat_med_ms,lat_p95_ms,lat_max_ms,rtt_med_ms,rtt_max_ms,drift_ppm,offset_slope_ppm,cpu_status,cpu_mean,cpu_max,gpu_mean,power_w,tj_max,ram_mean,tracking_status,eth_straight_rms,eth_straight_max,ect_arc_rms,ect_arc_max,eth_arc_rms,dead_time_status,dead_s,dead_r,yaw_gain,localization_status,loc_ok_pct,walls_per_scan,no_match_pct,innov_d_med_cm,innov_d_std_cm,innov_a_med_deg,innov_a_std_deg,trajectory_status,path_m,v_mean,v_max,lap_times,field_by,colour_status,colour_has,loc_recovering_pct,loc_lost_pct
cam_1,ok,1.271,4.448,33.026,0.614,0.615,-9.3,-2.5,ok,44.9,44.9,0.0,10.0,56.7,23.4,ok,5.38,30.83,4.17,10.63,6.39,ok,0.162,0.948,1.138,ok,100.0,2.94,0.0,0.032,1.43,-0.161,2.5,ok,25.76,0.36,0.67,"32.29 s, 13.17 s, 13.93 s",/corner_geometry,ok,True,,
cam_10,ok,1.251,5.837,36.517,0.642,0.669,-7.8,-2.8,ok,44.9,44.9,0.0,10.0,56.7,23.4,ok,8.12,56.53,1.78,6.72,4.65,ok,0.164,0.941,0.943,ok,100.0,2.85,0.0,0.022,1.324,0.09,2.036,ok,32.88,0.4,0.83,"32.03 s, 18.90 s, 16.23 s",/corner_geometry,ok,True,,
cam_11,ok,1.162,5.586,24.595,0.617,0.617,-5.8,-4.9,ok,44.9,44.9,0.0,10.0,56.7,23.4,ok,9.13,58.95,1.98,6.06,4.6,ok,0.166,0.938,0.963,ok,100.0,3.15,0.0,0.039,1.393,0.109,2.207,ok,33.0,0.4,0.83,"32.58 s, 19.33 s, 16.27 s",/corner_geometry,ok,True,,
cam_12,ok,1.122,5.129,22.008,0.624,0.624,-6.2,-2.2,ok,44.9,44.9,0.0,10.0,56.7,23.4,ok,8.05,59.28,1.76,6.44,4.39,ok,0.158,0.926,0.974,ok,100.0,2.91,0.0,0.015,1.523,0.079,1.985,ok,31.73,0.41,0.83,"45.21 s, 14.26 s, 15.17 s",/corner_geometry,ok,True,,
cam_13,ok,1.03,5.694,30.195,0.651,1.091,-1.9,1.5,ok,44.9,44.9,0.0,10.0,56.7,23.4,ok,13.02,57.51,1.7,9.3,6.02,ok,0.172,0.928,0.953,ok,100.0,2.98,0.0,0.159,1.471,0.248,2.38,ok,29.4,0.36,0.85,"37.41 s, 13.64 s, 13.26 s",/corner_geometry,ok,True,,
cam_14,ok,0.52,4.512,25.47,0.617,0.637,-1.8,0.0,ok,44.9,44.9,0.0,10.0,56.7,23.4,ok,8.59,59.95,1.61,4.37,4.97,ok,0.174,0.928,0.923,ok,89.5,2.36,13.2,0.033,1.4,0.069,1.936,ok,31.7,0.45,0.83,"31.57 s, 13.20 s, 14.53 s",/corner_geometry,ok,True,0.4,10.1
cam_15,ok,1.251,5.786,38.924,0.637,0.637,-1.2,-2.9,ok,44.9,44.9,0.0,10.0,56.7,23.4,ok,4.54,24.67,4.84,10.63,6.57,ok,0.164,0.911,1.179,ok,81.0,3.11,4.9,-0.028,1.511,-0.209,2.132,ok,26.97,0.38,0.81,"37.36 s, 10.69 s, 11.94 s",/corner_geometry,ok,True,,19.0
cam_16,ok,1.111,5.517,29.086,0.696,0.766,-3.1,-1.4,ok,44.9,44.9,0.0,10.0,56.7,23.4,ok,3.86,24.79,4.64,10.56,6.0,ok,0.168,0.916,1.181,ok,87.8,2.8,4.7,-0.007,1.421,-0.141,2.255,ok,26.67,0.38,0.81,"37.07 s, 10.47 s, 11.70 s",/corner_geometry,ok,True,,12.2
cam_17,ok,3.468,7.273,26.886,0.965,0.965,-8.4,-29.2,ok,44.9,44.9,0.0,10.0,56.7,23.4,ok,11.28,50.66,4.8,11.48,5.85,ok,0.153,0.928,1.244,ok,100.0,2.72,0.1,0.01,1.218,-0.109,2.059,ok,25.98,0.39,0.76,"27.07 s, 10.92 s, 12.24 s",/corner_geometry,ok,True,,
cam_18,ok,1.16,5.754,36.096,0.694,0.694,-23.9,-22.3,ok,44.9,44.9,0.0,10.0,56.7,23.4,ok,4.16,24.13,4.66,10.52,5.85,ok,0.154,0.928,1.229,ok,90.8,2.68,9.4,-0.005,1.389,-0.222,2.186,ok,26.91,0.38,0.69,"32.08 s, 11.20 s, 12.20 s",/corner_geometry,ok,True,0.5,8.7
cam_19,ok,1.338,5.674,24.634,0.628,0.726,-19.6,-15.4,ok,44.9,44.9,0.0,10.0,56.7,23.4,ok,10.98,51.17,4.65,10.69,6.47,ok,0.157,0.93,1.242,ok,69.0,2.19,22.2,0.011,1.464,-0.25,2.283,ok,27.5,0.39,0.72,"27.17 s, 10.97 s, 12.23 s",/corner_geometry,ok,True,0.4,30.6
cam_2,ok,1.019,4.532,38.829,0.69,0.731,-3.1,-2.4,ok,44.9,44.9,0.0,10.0,56.7,23.4,ok,7.02,51.66,5.45,11.45,6.4,ok,0.163,0.925,1.09,ok,96.5,3.0,5.6,0.066,1.539,-0.08,2.239,ok,24.53,0.34,0.64,"21.59 s, 14.94 s, 15.06 s",/corner_geometry,ok,True,0.5,3.1
cam_20,ok,1.246,5.357,23.14,0.645,0.645,-14.7,-13.7,ok,44.9,44.9,0.0,10.0,56.7,23.4,ok,3.86,23.92,4.51,10.42,5.59,ok,0.157,0.929,1.239,ok,83.7,2.42,5.1,-0.002,1.219,-0.288,2.047,ok,27.03,0.38,0.71,"40.73 s, 10.97 s, 12.33 s",/corner_geometry,ok,True,1.1,15.2
cam_21,ok,0.353,5.577,29.602,0.646,0.646,-13.1,-12.7,ok,44.9,44.9,0.0,10.0,56.7,23.4,ok,4.1,24.21,4.5,11.44,5.59,ok,0.156,0.931,1.238,ok,96.5,3.03,4.3,0.002,1.329,-0.251,2.193,ok,24.87,0.38,0.7,"35.27 s, 12.17 s, 11.94 s",/corner_geometry,ok,True,0.6,3.0
cam_22,ok,1.202,5.835,52.702,0.642,0.642,-13.5,-11.3,ok,44.9,44.9,0.0,10.0,56.7,23.4,ok,5.47,35.39,4.96,11.88,6.22,ok,0.158,0.929,1.22,ok,89.2,2.96,3.6,-0.012,1.369,-0.132,2.312,ok,25.24,0.38,0.73,"34.03 s, 11.27 s, 12.03 s",/corner_geometry,ok,True,,10.8
cam_23,ok,0.922,4.86,51.893,0.641,0.642,-12.4,-10.8,ok,44.9,44.9,0.0,10.0,56.7,23.4,ok,10.19,56.45,3.63,7.59,4.61,ok,0.163,0.94,1.052,ok,81.4,2.47,12.9,-0.004,1.313,-0.122,2.008,ok,31.08,0.36,0.74,"35.72 s, 15.00 s, 14.87 s",/corner_geometry,ok,True,0.5,18.1
cam_24,ok,0.596,4.515,24.809,0.629,0.629,-11.6,-10.4,ok,44.9,44.9,0.0,10.0,56.7,23.4,ok,5.75,29.24,3.56,7.57,4.95,ok,0.162,0.939,1.07,ok,60.8,1.91,41.1,-0.033,1.349,-0.196,2.265,ok,27.68,0.36,0.74,"34.52 s, 14.99 s, 15.50 s",/corner_geometry,ok,True,0.3,38.9
cam_25,ok,0.99,4.979,240.924,0.674,0.674,-12.2,-10.3,ok,44.9,44.9,0.0,10.0,56.7,23.4,ok,7.69,36.37,4.27,9.0,5.78,ok,0.169,0.928,1.059,ok,85.7,2.56,15.8,-0.019,1.439,-0.111,2.363,ok,29.89,0.36,0.76,"33.19 s, 15.17 s, 14.97 s",/corner_geometry,ok,True,0.4,13.9
cam_26,ok,1.149,5.071,30.938,0.642,0.651,-12.0,-9.9,ok,44.9,44.9,0.0,10.0,56.7,23.4,ok,15.97,91.9,4.29,10.84,5.76,ok,0.158,0.932,1.042,ok,78.0,3.19,2.9,-0.003,1.54,-0.123,2.3,ok,30.94,0.38,0.74,"42.04 s, 14.19 s, 14.97 s",/corner_geometry,ok,True,,22.0
cam_27,ok,0.986,5.344,76.636,0.632,0.632,-11.2,-9.4,ok,44.9,44.9,0.0,10.0,56.7,23.4,ok,12.08,82.65,4.51,11.65,6.05,ok,0.162,0.933,1.06,ok,75.8,3.15,3.8,-0.012,1.409,-0.124,2.265,ok,28.77,0.36,0.73,"38.90 s, 14.03 s, 14.83 s",/corner_geometry,ok,True,,24.2
cam_28,ok,1.081,6.582,27.26,0.631,0.65,-11.1,-11.4,ok,44.9,44.9,0.0,10.0,56.7,23.4,ok,6.54,30.48,3.85,8.28,4.85,ok,0.162,0.921,1.052,ok,88.6,3.29,3.5,-0.021,1.777,-0.191,2.726,ok,28.14,0.37,0.72,"35.01 s, 14.89 s, 15.11 s",/corner_geometry,ok,True,,11.4
cam_29,ok,1.072,5.206,22.658,0.631,0.658,2.1,36.9,ok,44.9,44.9,0.0,10.0,56.7,23.4,ok,12.72,56.05,3.56,9.47,5.52,ok,0.163,0.919,1.06,ok,85.0,2.34,6.8,0.018,1.354,-0.04,1.861,ok,30.32,0.37,0.74,"27.89 s, 15.00 s, 15.00 s",/corner_geometry,ok,True,0.5,14.6
cam_3,ok,0.378,3.831,45.255,0.664,0.664,-0.4,-0.4,ok,44.9,44.9,0.0,10.0,56.7,23.4,ok,18.63,104.43,2.06,5.98,4.71,ok,0.168,0.917,0.946,ok,74.4,2.41,25.7,0.012,1.672,0.24,2.317,ok,35.8,0.35,0.76,"41.96 s, 17.93 s, 18.37 s",/corner_geometry,ok,True,0.4,25.1
cam_30,ok,0.873,5.011,226.288,0.792,0.792,-4.6,-4.9,ok,44.9,44.9,0.0,10.0,56.7,23.4,ok,6.78,33.24,4.17,9.05,5.23,ok,0.166,0.923,1.069,ok,95.9,3.13,4.5,0.021,1.451,-0.175,2.221,ok,28.44,0.36,0.74,"35.62 s, 15.07 s, 14.86 s",/corner_geometry,ok,True,0.8,3.3
cam_31,ok,1.164,4.859,20.76,0.587,0.664,-4.8,-6.6,ok,44.9,44.9,0.0,10.0,56.7,23.4,ok,6.31,36.06,3.36,7.12,4.61,ok,0.159,0.938,1.094,ok,100.0,3.38,0.0,0.023,1.39,-0.207,2.175,ok,27.47,0.36,0.78,"35.13 s, 15.17 s, 14.94 s",/corner_geometry,ok,True,,
cam_32,ok,0.927,5.206,34.656,0.626,0.742,-3.6,-2.8,ok,44.9,44.9,0.0,10.0,56.7,23.4,ok,8.68,35.44,4.2,8.53,5.2,ok,0.162,0.926,1.092,ok,80.3,3.21,1.5,0.006,1.356,-0.17,2.213,ok,27.95,0.36,0.76,"37.16 s, 15.03 s, 14.80 s",/corner_geometry,ok,True,,19.7
cam_33,ok,0.832,4.57,246.594,0.591,0.626,-4.4,-4.0,ok,44.9,44.9,0.0,10.0,56.7,23.4,ok,7.77,34.12,3.95,8.27,5.55,ok,0.164,0.929,1.079,ok,30.7,1.02,66.3,-0.007,1.258,-0.07,2.03,ok,27.1,0.37,0.81,"35.45 s, 14.87 s, 14.77 s",/corner_geometry,ok,True,0.2,69.1
cam_34,ok,1.103,4.587,16.262,0.623,0.623,7.8,9.2,ok,45.0,45.0,0.0,10.0,35.7,22.6,ok,5.3,27.7,1.66,5.04,5.04,ok,0.156,0.952,1.005,ok,100.0,3.12,0.2,-0.074,1.204,0.198,2.103,ok,30.02,0.38,0.72,"35.24 s, 16.00 s, 18.00 s",/corner_geometry,ok,True,,
cam_35,ok,0.9,4.207,20.92,0.678,0.723,8.5,9.2,ok,45.0,45.0,0.0,10.0,35.7,22.6,ok,5.81,32.46,1.3,4.38,4.65,ok,0.153,0.944,0.952,ok,69.6,2.53,5.4,-0.116,1.093,0.202,1.702,ok,28.62,0.42,0.83,"58.87 s, 12.20 s, 14.31 s",/corner_geometry,ok,True,1.2,29.1
cam_36,ok,1.698,5.704,21.282,0.663,0.663,5.9,-5.2,ok,45.0,45.0,0.0,10.0,35.7,22.6,ok,5.48,31.58,1.48,5.95,4.76,ok,0.151,0.936,0.946,ok,100.0,3.0,0.0,-0.062,1.218,0.193,1.936,ok,29.26,0.44,0.81,"28.79 s, 12.87 s, 14.70 s",/corner_geometry,ok,True,,
cam_37,ok,1.23,4.766,38.767,0.68,0.68,4.6,5.8,ok,45.0,45.0,0.0,10.0,35.7,22.6,ok,7.63,60.08,1.83,4.84,4.57,ok,0.152,0.947,1.017,ok,100.0,2.77,0.2,-0.005,1.28,0.192,1.998,ok,29.92,0.4,0.83,"30.33 s, 14.67 s, 16.57 s",/corner_geometry,ok,True,,
cam_38,ok,1.322,5.481,21.135,0.637,0.637,6.9,9.8,ok,45.0,45.0,0.0,10.0,35.7,22.6,ok,7.93,58.2,2.2,5.04,5.05,ok,0.156,0.949,1.013,ok,100.0,2.53,0.0,0.001,1.444,0.14,2.407,ok,31.41,0.37,0.83,"31.07 s, 16.08 s, 16.82 s",/corner_geometry,ok,True,,
cam_39,ok,1.499,5.12,23.712,0.637,0.651,6.4,3.8,ok,45.0,45.0,0.0,10.0,35.7,22.6,ok,8.56,54.97,2.17,6.17,5.66,ok,0.151,0.958,0.983,ok,65.6,1.69,35.6,0.055,1.381,0.167,2.403,ok,32.05,0.38,0.83,"30.13 s, 16.86 s, 17.73 s",/corner_geometry,ok,True,0.3,34.0
cam_4,ok,1.174,5.915,30.744,0.622,0.622,-19.8,-11.0,ok,44.9,44.9,0.0,10.0,56.7,23.4,ok,13.09,70.84,2.17,7.1,4.93,ok,0.167,0.931,0.968,ok,85.0,2.87,3.2,0.075,1.442,0.109,1.972,ok,31.87,0.38,0.81,"34.96 s, 15.17 s, 16.13 s",/corner_geometry,ok,True,,15.0
cam_40,ok,1.114,5.175,23.361,0.651,0.651,-10.8,-18.8,ok,45.0,45.0,0.0,10.0,35.7,22.6,ok,7.91,58.33,1.75,5.34,4.78,ok,0.153,0.962,1.012,ok,91.0,1.98,0.9,-0.009,1.22,0.028,1.976,ok,34.21,0.36,0.74,"32.82 s, 18.31 s, 19.07 s",/corner_geometry,ok,True,,9.0
cam_41,ok,0.957,4.882,19.544,0.639,0.639,-12.7,-7.9,ok,45.0,45.0,0.0,10.0,35.7,22.6,ok,8.42,61.95,1.64,4.19,4.62,ok,0.156,0.96,0.995,ok,100.0,2.7,0.0,-0.008,1.495,0.242,2.467,ok,33.34,0.36,0.78,"32.77 s, 17.70 s, 19.07 s",/corner_geometry,ok,True,,
cam_42,ok,1.157,4.917,21.533,0.642,0.642,-1.4,1.9,ok,45.0,45.0,0.0,10.0,35.7,22.6,ok,11.85,55.79,6.12,13.09,7.32,ok,0.154,0.929,1.072,ok,100.0,2.82,0.0,0.04,1.579,-0.089,2.384,ok,30.42,0.38,0.71,"40.62 s, 15.33 s, 15.87 s",/corner_geometry,ok,True,,
cam_43,ok,1.119,4.343,25.096,0.642,0.653,0.8,1.4,ok,45.0,45.0,0.0,10.0,35.7,22.6,ok,10.56,54.12,6.41,20.18,10.06,ok,0.157,0.921,1.205,ok,100.0,2.3,0.1,-0.002,1.084,-0.239,1.8,ok,28.72,0.35,0.74,"65.52 s, 11.73 s, 11.83 s",/corner_geometry,ok,True,,
cam_44,ok,2.142,6.501,41.661,0.609,0.65,-14.2,-39.0,ok,45.0,45.0,0.0,10.0,35.7,22.6,ok,10.74,53.94,6.2,12.8,7.92,ok,0.159,0.931,1.079,ok,85.1,2.75,8.2,0.027,1.523,-0.139,2.646,ok,29.28,0.41,0.78,"-15.30 s, 0.00 s, 0.00 s",/corner_geometry,ok,True,0.8,14.0
cam_45,ok,1.192,4.745,18.565,0.639,0.639,-9.4,-6.7,ok,45.0,45.0,0.0,10.0,35.7,22.6,ok,10.34,52.53,5.62,9.8,7.11,ok,0.152,0.935,1.225,ok,80.0,2.71,3.9,-0.005,1.332,-0.199,2.356,ok,23.81,0.35,0.69,"27.12 s, 12.00 s, 11.80 s",/corner_geometry,ok,True,,20.0
cam_46,ok,1.035,4.255,18.553,0.633,0.633,12.4,11.2,ok,53.0,53.0,0.0,10.0,40.1,22.7,ok,11.11,55.55,4.27,8.71,5.87,ok,0.157,0.938,1.157,ok,100.0,2.05,0.0,-0.022,1.281,-0.091,2.348,ok,23.35,0.36,0.87,"27.03 s, 11.14 s, 11.46 s",/corner_geometry,ok,True,,
cam_47,ok,1.218,4.87,20.561,0.679,0.679,13.2,14.1,ok,53.0,53.0,0.0,10.0,40.1,22.7,ok,9.3,52.09,6.03,13.04,7.3,ok,0.161,0.915,1.034,ok,99.7,3.11,0.6,0.134,1.547,-0.192,2.288,ok,30.08,0.41,0.81,"27.14 s, 13.97 s, 14.97 s",/corner_geometry,ok,True,0.3,
cam_48,ok,0.904,4.597,20.481,0.594,0.603,-57.3,-30.8,ok,53.0,53.0,0.0,10.0,40.1,22.7,ok,10.07,56.26,5.85,12.14,7.7,ok,0.163,0.907,1.002,ok,94.0,2.26,0.6,0.01,0.964,-0.037,1.546,ok,39.3,0.42,0.77,"25.99 s, 14.10 s, 14.90 s",/corner_geometry,ok,True,,6.0
cam_49,ok,1.014,5.369,20.571,0.632,0.632,-20.2,-12.0,ok,53.0,53.0,0.0,10.0,40.1,22.7,ok,11.01,58.0,6.31,12.86,7.96,ok,0.161,0.909,0.991,ok,100.0,2.73,0.1,0.152,1.48,-0.124,2.331,ok,30.38,0.42,0.79,"25.86 s, 14.07 s, 15.14 s",/corner_geometry,ok,True,,
cam_5,ok,1.135,5.205,251.777,0.631,0.631,-7.7,-5.8,ok,44.9,44.9,0.0,10.0,56.7,23.4,ok,15.25,81.17,2.24,8.73,5.41,ok,0.162,0.936,0.966,ok,100.0,3.08,0.0,0.058,1.38,0.138,2.128,ok,32.66,0.37,0.76,"41.95 s, 15.07 s, 16.17 s",/corner_geometry,ok,True,,
cam_50,ok,0.927,5.225,25.882,0.656,0.674,-8.3,-8.6,ok,57.3,58.5,0.0,10.5,58.7,39.0,ok,9.61,54.55,6.2,12.75,7.51,ok,0.165,0.914,1.031,ok,100.0,2.31,0.3,0.084,1.434,-0.085,2.231,ok,31.01,0.42,0.81,"25.83 s, 14.30 s, 15.01 s",/corner_geometry,ok,True,,
cam_51,ok,1.074,5.369,25.69,0.677,0.677,-9.5,-16.6,ok,59.7,61.0,0.0,10.7,57.8,39.9,ok,8.63,53.31,5.6,11.82,7.14,ok,0.161,0.921,1.075,ok,74.4,2.96,9.5,0.24,1.541,-0.106,2.339,ok,31.44,0.41,0.79,"-27.07 s, 0.00 s, 0.00 s",/corner_geometry,ok,True,0.1,25.5
cam_53,ok,2.411,6.436,44.259,0.653,0.653,0.6,-38.8,ok,58.2,58.2,0.0,10.2,48.5,32.4,ok,8.49,53.11,3.93,8.52,5.91,ok,0.154,0.935,1.051,ok,96.2,3.24,3.9,0.101,1.531,-0.073,2.253,ok,30.91,0.38,0.76,"28.59 s, 16.60 s, 17.34 s",/corner_geometry,ok,True,0.8,2.9
cam_54,ok,0.923,4.948,328.817,0.663,0.663,-20.3,-19.5,ok,58.2,58.2,0.0,10.2,48.5,32.4,ok,8.36,54.09,4.63,9.85,6.73,ok,0.16,0.928,1.053,ok,70.3,2.59,6.3,0.025,1.384,-0.079,2.148,ok,30.43,0.39,0.74,"25.35 s, 16.63 s, 16.87 s",/corner_geometry,ok,True,0.6,29.1
cam_55,ok,1.205,5.197,44.96,0.745,0.812,32.3,33.6,ok,45.4,45.4,0.0,10.2,57.0,24.2,ok,8.73,55.27,5.07,11.58,6.72,ok,0.154,0.921,1.045,ok,100.0,3.23,0.0,0.102,1.538,-0.111,2.276,ok,30.22,0.39,0.74,"25.97 s, 16.71 s, 16.86 s",/corner_geometry,ok,True,,
cam_56,ok,0.461,4.364,25.738,0.628,0.745,33.5,30.4,ok,45.4,45.4,0.0,10.2,57.0,24.2,ok,5.73,31.01,4.79,10.63,6.45,ok,0.145,0.942,1.142,ok,96.3,2.98,5.5,0.029,1.556,-0.153,2.258,ok,30.24,0.37,0.83,"35.00 s, 15.20 s, 15.83 s",/corner_geometry,ok,True,1.0,2.7
cam_57,ok,1.327,5.266,19.265,0.628,0.628,31.1,33.3,ok,45.4,45.4,0.0,10.2,57.0,24.2,ok,10.2,56.83,5.26,11.23,8.77,ok,0.149,0.951,1.134,ok,78.6,3.18,6.3,0.065,1.62,-0.014,1.977,ok,30.66,0.37,0.79,"28.11 s, 15.90 s, 16.43 s",/corner_geometry,ok,True,0.4,21.0
cam_58,ok,1.061,4.753,22.732,0.638,0.638,-5.5,-7.7,ok,45.4,45.4,0.0,10.2,57.0,24.2,ok,6.62,39.65,4.66,10.85,5.92,ok,0.152,0.952,1.137,ok,82.5,2.91,2.2,0.073,1.61,-0.03,2.156,ok,31.36,0.37,0.79,"37.39 s, 15.80 s, 16.44 s",/corner_geometry,ok,True,,17.5
cam_59,ok,0.805,4.315,22.576,0.638,0.638,-6.7,-7.7,ok,45.4,45.4,0.0,10.2,57.0,24.2,ok,6.63,38.69,5.16,12.77,6.47,ok,0.151,0.953,1.139,ok,100.0,3.08,0.0,0.035,1.598,-0.06,2.316,ok,30.99,0.37,0.79,"33.17 s, 15.73 s, 16.43 s",/corner_geometry,ok,True,,
cam_6,ok,1.337,5.687,19.621,0.603,0.632,-4.9,-4.7,ok,44.9,44.9,0.0,10.0,56.7,23.4,ok,8.54,60.17,2.2,6.14,4.97,ok,0.169,0.928,0.999,ok,100.0,2.81,0.0,0.05,1.435,0.182,1.967,ok,32.45,0.39,0.81,"37.20 s, 15.30 s, 16.07 s",/corner_geometry,ok,True,,
cam_60,ok,0.81,4.926,25.981,0.643,0.643,-7.8,-10.0,ok,45.4,45.4,0.0,10.2,57.0,24.2,ok,10.99,56.35,3.69,8.26,4.59,ok,0.161,0.952,1.057,ok,72.2,1.76,33.6,0.049,1.252,-0.086,2.2,ok,26.1,0.37,0.69,"28.03 s, 14.77 s, 14.76 s",/corner_geometry,ok,True,0.8,26.9
cam_61,ok,0.974,5.278,18.857,0.63,0.63,-8.5,-6.6,ok,45.4,45.4,0.0,10.2,57.0,24.2,ok,7.39,53.48,5.16,10.39,7.52,ok,0.15,0.94,1.228,ok,99.4,2.69,0.6,0.053,1.421,-0.106,2.08,ok,26.97,0.39,0.79,"26.55 s, 13.63 s, 13.70 s",/corner_geometry,ok,True,0.6,
cam_62,ok,1.378,5.727,24.386,0.63,0.63,-8.4,-10.0,ok,45.4,45.4,0.0,10.2,57.0,24.2,ok,9.86,60.13,1.94,5.52,5.13,ok,0.156,0.94,0.997,ok,100.0,2.83,0.0,0.014,1.263,0.094,2.289,ok,26.82,0.4,0.85,"29.65 s, 14.53 s, 14.46 s",/corner_geometry,ok,True,,
cam_63,ok,0.403,4.577,22.39,0.667,0.795,-7.7,-3.7,ok,45.4,45.4,0.0,10.2,57.0,24.2,ok,14.22,59.34,1.7,5.21,5.58,ok,0.132,0.928,1.112,ok,100.0,2.86,0.0,-0.031,1.056,0.228,2.145,ok,10.97,0.36,0.83,,/corner_geometry,ok,True,,
cam_64,ok,1.114,5.029,32.289,0.606,0.606,-8.1,-2.4,ok,45.4,45.4,0.0,10.2,57.0,24.2,ok,8.49,60.24,1.15,4.26,4.8,ok,0.162,0.953,0.958,ok,74.3,2.81,4.1,0.031,1.282,0.105,2.176,ok,26.83,0.37,0.81,"34.79 s, 14.30 s, 14.53 s",/corner_geometry,ok,True,,25.7
cam_65,ok,1.191,5.382,87.232,0.59,0.59,-1.2,7.4,ok,45.4,45.4,0.0,10.2,57.0,24.2,ok,7.6,58.24,1.3,4.42,4.89,ok,0.164,0.94,0.938,ok,100.0,2.77,0.0,0.03,1.45,0.117,2.297,ok,26.55,0.38,0.8,"34.67 s, 12.90 s, 14.00 s",/corner_geometry,ok,True,,
cam_66,ok,0.987,5.222,24.672,0.629,0.645,1.5,0.3,ok,45.4,45.4,0.0,10.2,57.0,24.2,ok,7.65,57.37,1.14,3.67,4.6,ok,0.159,0.944,0.964,ok,100.0,2.68,0.0,0.011,1.372,0.089,2.258,ok,26.5,0.36,0.78,"-19.68 s, 0.00 s, 0.00 s",/corner_geometry,ok,True,,
cam_67,ok,0.927,5.034,24.482,0.629,0.632,-2.0,-3.2,ok,45.4,45.4,0.0,10.2,57.0,24.2,ok,8.9,62.13,1.17,2.67,4.56,ok,0.156,0.948,0.972,ok,100.0,2.78,0.0,0.035,1.318,0.113,2.268,ok,27.72,0.36,0.81,"35.34 s, 14.34 s, 14.76 s",/corner_geometry,ok,True,,
cam_7,ok,0.84,5.069,34.324,0.76,0.76,-10.1,-6.8,ok,44.9,44.9,0.0,10.0,56.7,23.4,ok,8.01,56.92,1.55,4.41,5.55,ok,0.164,0.936,0.961,ok,97.3,2.54,1.2,0.056,1.51,0.065,2.099,ok,31.58,0.4,0.83,"29.69 s, 14.07 s, 15.13 s",/corner_geometry,ok,True,1.9,0.9
cam_8,ok,1.056,5.488,18.354,0.637,0.637,-9.3,-10.0,ok,44.9,44.9,0.0,10.0,56.7,23.4,ok,7.76,60.65,1.89,5.75,4.8,ok,0.153,0.939,0.974,ok,99.7,2.91,0.5,0.045,1.431,0.127,2.124,ok,30.69,0.4,0.88,"29.90 s, 14.10 s, 15.07 s",/corner_geometry,ok,True,0.3,
cam_9,ok,1.131,5.166,26.167,0.637,0.642,-9.1,-9.8,ok,44.9,44.9,0.0,10.0,56.7,23.4,ok,11.1,66.67,2.61,7.45,5.14,ok,0.159,0.937,0.98,ok,100.0,2.87,0.0,0.054,1.509,0.127,1.992,ok,32.29,0.38,0.83,"37.61 s, 13.77 s, 14.93 s",/corner_geometry,ok,True,,
cw_pos1,ok,5.013,11.566,35.272,0.652,0.652,-33.6,-85.7,ok,58.4,61.1,2.0,10.0,55.7,48.9,ok,11.51,41.66,6.14,24.91,11.2,ok,0.161,0.923,0.825,ok,,4.1,0.0,0.209,1.929,0.434,4.491,ok,33.64,0.35,2.3,"20.77 s, 20.06 s, 19.28 s",/corner_geometry,ok,True,,
cw_pos1_1,ok,3.864,9.736,35.227,0.683,0.701,-9.5,-47.0,ok,83.4,84.3,1.7,9.7,56.7,49.0,ok,,,,,,ok,,,,ok,,,,,,,,ok,0.0,,0.0,,start pose cw_pos1 (from bag name),ok,False,,
cw_pos1_10,ok,1.235,6.344,43.488,0.631,0.631,-9.4,-8.3,ok,66.8,71.3,2.0,9.4,56.6,53.5,ok,18.58,88.01,3.94,17.96,11.52,ok,0.163,0.933,0.791,ok,,4.0,0.0,0.44,1.634,0.272,2.792,ok,27.11,0.34,0.43,"25.26 s, 20.93 s, 21.14 s",/corner_geometry,ok,True,,
cw_pos1_11,ok,0.865,6.136,29.777,0.615,0.669,-8.2,-4.0,ok,66.3,70.0,1.7,9.3,55.8,53.1,ok,3.83,25.33,4.58,20.62,9.56,ok,0.159,0.905,0.917,ok,,3.29,17.7,0.537,1.908,0.262,2.62,ok,25.23,0.34,0.46,"22.62 s, 16.73 s, 16.80 s",/corner_geometry,ok,True,,
cw_pos1_12,ok,1.236,6.082,25.88,1.096,1.421,-9.9,-0.9,ok,54.2,62.6,1.9,9.3,55.5,53.0,ok,29.29,157.0,5.13,17.45,14.07,ok,0.174,0.929,0.752,ok,,4.31,0.0,0.582,2.637,0.029,3.238,ok,34.03,0.34,0.46,"26.89 s, 21.04 s, 21.00 s",/corner_geometry,ok,True,,
cw_pos1_13,ok,1.288,6.41,30.417,0.61,0.61,1.9,8.9,ok,47.5,57.4,1.9,9.3,54.4,47.4,ok,11.96,86.27,4.69,19.99,9.8,ok,0.162,0.938,0.806,ok,,4.08,0.0,0.035,1.624,0.205,2.518,ok,29.07,0.35,0.51,"27.22 s, 21.39 s, 21.44 s",/corner_geometry,ok,True,,
cw_pos1_14,ok,1.46,8.193,35.322,0.702,0.742,11.6,14.4,ok,42.1,47.2,1.7,9.4,54.7,54.3,ok,12.24,55.45,3.61,14.59,8.51,ok,0.16,0.932,0.797,ok,,4.06,0.2,0.218,1.778,0.194,2.713,ok,29.65,0.35,0.51,"26.88 s, 21.33 s, 21.56 s",/corner_geometry,ok,True,,
cw_pos1_15,ok,1.798,7.613,28.915,0.632,0.632,-80.1,-165.0,ok,44.9,48.1,0.9,9.4,54.2,54.1,ok,19.92,56.11,20.15,39.06,17.86,ok,0.185,0.946,0.704,ok,,4.05,0.0,0.332,1.341,-0.002,2.69,ok,8.04,0.33,0.46,,/corner_geometry,ok,True,,
cw_pos1_16,ok,1.162,6.202,27.126,0.612,0.612,-9.1,7.0,ok,36.8,41.1,2.0,9.2,53.6,42.1,ok,31.17,85.34,5.65,11.17,15.29,ok,0.174,0.762,0.517,ok,,3.65,4.8,-0.075,1.767,0.105,3.51,ok,10.42,0.34,0.51,,/corner_geometry,ok,True,,
cw_pos1_17,ok,1.171,6.702,88.777,0.661,0.661,4.0,9.5,ok,43.2,51.9,1.8,9.3,54.6,42.7,ok,13.31,46.07,3.54,12.28,12.24,ok,0.159,0.942,0.804,ok,,3.91,0.0,0.102,1.46,0.078,2.242,ok,35.3,0.35,1.35,"28.87 s, 24.40 s, 24.40 s",/corner_geometry,ok,True,,
cw_pos1_18,ok,1.347,6.919,30.29,1.087,1.087,-4.3,2.4,ok,40.9,42.9,1.7,9.3,54.8,42.9,ok,4.35,15.28,2.04,5.2,7.99,ok,0.156,0.934,0.956,ok,,4.22,0.0,0.306,1.865,0.221,2.791,ok,30.94,0.35,0.48,"29.07 s, 22.73 s, 22.77 s",/corner_geometry,ok,True,,
cw_pos1_19,ok,1.184,7.115,31.76,0.694,0.694,-3.8,-5.0,ok,36.7,37.5,1.8,9.4,55.3,54.8,ok,15.16,90.97,11.0,29.1,32.14,ok,0.164,0.656,0.515,ok,,3.46,6.2,0.298,1.89,0.037,3.535,ok,35.86,0.35,0.48,"31.60 s, 23.66 s",/corner_geometry,ok,True,,
cw_pos1_2,ok,1.46,8.659,198.362,0.615,0.615,-10.8,-7.4,ok,62.1,77.2,1.8,9.8,55.8,54.4,ok,16.34,90.1,2.15,8.4,7.7,ok,0.164,0.949,0.944,ok,,4.0,0.0,0.263,1.76,0.141,2.291,ok,28.95,0.35,0.56,"18.71 s, 18.81 s, 18.70 s",/corner_geometry,ok,True,,
cw_pos1_20,ok,1.567,7.042,32.101,0.731,0.829,-3.8,-5.2,ok,36.2,36.8,1.5,9.4,55.4,54.6,ok,10.72,63.83,4.06,16.63,9.44,ok,0.156,0.922,0.87,ok,,4.08,0.0,0.418,1.683,0.049,2.386,ok,30.91,0.35,0.54,"30.28 s, 22.71 s, 22.87 s",/corner_geometry,ok,True,,
cw_pos1_21,ok,1.706,8.091,28.353,0.657,0.657,-7.7,-0.3,ok,35.8,36.2,1.7,9.3,55.1,55.6,ok,7.62,26.16,39.09,67.29,58.25,ok,0.148,0.514,0.195,ok,,3.67,0.0,0.412,1.117,0.105,1.898,ok,3.3,0.33,0.46,,/corner_geometry,ok,True,,
cw_pos1_22,ok,1.377,7.097,60.844,0.638,0.64,-1.4,2.0,ok,35.7,36.1,2.0,9.4,56.3,56.4,ok,8.7,67.45,3.44,15.78,12.23,ok,0.159,0.935,0.864,ok,,3.99,0.0,0.492,1.664,0.252,2.439,ok,29.51,0.35,0.53,"27.84 s, 21.93 s, 22.01 s",/corner_geometry,ok,True,,
cw_pos1_3,ok,1.504,8.742,34.589,0.612,0.612,-17.0,5.7,ok,60.3,75.3,1.8,9.8,55.6,53.1,ok,16.26,85.94,6.47,26.56,12.25,ok,0.158,0.945,0.876,ok,,4.2,0.0,0.065,1.928,0.068,2.839,ok,28.44,0.35,0.55,"18.17 s, 19.43 s, 18.64 s",/corner_geometry,ok,True,,
cw_pos1_4,ok,1.645,8.684,38.273,0.672,0.672,-2.3,-1.1,ok,56.1,73.8,1.7,9.8,55.7,53.6,ok,18.74,97.9,4.52,19.3,12.1,ok,0.162,0.946,0.864,ok,,4.37,0.0,0.526,1.63,-0.032,2.651,ok,25.71,0.35,0.55,"16.97 s, 18.80 s, 18.80 s",/corner_geometry,ok,True,,
cw_pos1_5,ok,1.609,7.225,32.847,0.649,0.804,-9.3,-1.5,ok,54.7,67.9,1.8,9.5,55.9,54.1,ok,7.74,37.18,3.64,21.83,8.35,ok,0.162,0.941,0.938,ok,,4.16,0.0,0.544,1.615,0.236,2.516,ok,22.56,0.35,0.51,"18.13 s, 17.07 s, 17.16 s",/corner_geometry,ok,True,,
cw_pos1_7,ok,1.222,5.643,26.427,0.607,0.614,-10.5,-7.7,ok,52.8,62.6,1.4,9.2,55.2,52.8,ok,24.53,88.88,8.71,44.92,21.03,ok,0.159,0.949,0.851,ok,,3.97,0.4,0.42,1.904,0.243,2.835,ok,28.47,0.35,0.51,"17.61 s, 21.20 s, 24.13 s",/corner_geometry,ok,True,,
cw_pos1_8,ok,1.308,6.372,41.964,0.609,0.679,-9.2,-6.9,ok,59.2,67.2,1.8,9.2,56.4,52.8,ok,9.24,37.31,7.82,34.31,14.67,ok,0.165,0.936,0.847,ok,,3.88,0.0,0.674,2.16,-0.454,2.106,ok,61.37,0.35,0.48,"18.10 s, 19.10 s, 18.44 s",/corner_geometry,ok,True,,
cw_pos1_9,ok,1.28,6.56,36.076,0.663,0.663,-8.4,-10.1,ok,65.6,70.4,1.7,9.4,56.8,53.2,ok,15.45,81.31,3.57,11.3,12.23,ok,0.198,0.886,0.739,ok,,3.97,0.0,0.69,1.49,-0.103,1.741,ok,35.03,0.33,0.72,"25.42 s, 25.13 s, 24.83 s",/corner_geometry,ok,True,,
obstacle_test_1,ok,2.688,5.279,12.705,0.635,0.635,32.8,28.6,ok,37.1,42.3,0.0,9.0,56.3,24.2,ok,3.03,8.35,3.91,8.07,5.4,ok,0.166,0.927,1.202,ok,100.0,3.25,0.0,1.659,1.488,-0.543,3.653,ok,7.98,0.31,0.78,,/corner_geometry,ok,True,,
obstacle_test_2,ok,0.99,4.217,30.909,0.597,0.597,-77.4,-57.7,ok,37.2,41.2,1.8,9.9,57.1,25.5,ok,,,,,,ok,,,,ok,,,,,,,,ok,0.01,,0.0,,start pose cw_pos1 (assumed!),ok,False,,
obstacle_test_3,ok,0.988,5.454,24.118,0.597,0.615,-65.7,-40.0,ok,40.9,47.3,0.6,9.7,58.0,27.0,ok,3.42,16.94,3.85,11.11,7.76,ok,0.169,0.926,1.026,ok,100.0,3.96,0.0,0.869,1.953,-0.388,3.08,ok,29.6,0.39,0.79,"30.89 s, 14.90 s, 15.00 s",/corner_geometry,ok,True,,
only_parken_1,ok,0.731,2.399,15.04,0.579,0.579,-4.2,4.1,ok,34.3,34.3,0.0,8.4,35.8,14.1,ok,6.01,13.42,3.78,11.68,8.62,ok,0.153,0.917,1.022,ok,100.0,3.44,0.0,0.008,1.107,-0.089,1.287,ok,10.6,0.34,0.86,21.71 s,/corner_geometry,ok,False,,
only_parken_10,ok,1.114,3.097,14.928,0.604,0.604,-14.2,-13.6,ok,34.3,34.3,0.0,8.4,35.8,14.1,ok,,,,,,ok,,,,ok,100.0,2.0,0.0,0.005,0.333,0.436,0.758,ok,0.25,,0.0,,/corner_geometry,ok,False,,
only_parken_100,ok,0.703,2.511,12.486,0.633,0.633,6.9,8.8,ok,35.8,35.9,0.0,9.1,55.4,24.5,ok,,,,,,ok,,,,ok,100.0,2.53,0.0,0.093,1.072,-0.141,0.951,ok,1.84,0.16,0.23,,/corner_geometry,ok,False,,
only_parken_101,ok,1.087,2.81,31.29,0.633,0.636,7.2,5.9,ok,35.9,36.3,0.0,9.1,55.0,24.7,ok,14.15,49.24,8.65,35.24,18.53,ok,0.16,0.914,1.207,ok,99.7,3.31,1.8,0.017,1.084,-0.069,1.658,ok,10.54,0.32,0.81,16.93 s,/corner_geometry,ok,False,0.3,
only_parken_102,ok,0.976,3.28,20.035,0.573,0.573,6.5,4.9,ok,36.4,36.6,0.0,9.2,55.7,24.7,ok,85.9,86.06,,,,ok,,,,ok,80.7,1.77,25.5,0.099,1.214,0.017,1.429,ok,2.1,0.16,0.25,,/corner_geometry,ok,False,2.2,17.1
only_parken_103,ok,0.965,3.12,25.403,0.573,0.573,6.4,3.8,ok,36.7,37.0,0.0,9.3,55.2,25.1,ok,2.6,17.65,4.23,10.34,5.69,ok,0.162,0.908,1.245,ok,97.7,2.84,2.9,-0.002,1.123,-0.022,1.493,ok,10.11,0.3,0.83,22.21 s,/corner_geometry,ok,False,1.3,1.0
only_parken_104,ok,0.965,3.33,30.935,0.641,0.641,6.9,7.3,ok,37.2,37.4,0.0,9.4,55.6,25.2,ok,2.5,20.73,4.44,10.08,5.4,ok,0.156,0.922,1.297,ok,95.7,2.82,5.4,0.0,1.237,-0.009,1.463,ok,10.17,0.3,0.83,24.05 s,/corner_geometry,ok,False,1.1,3.3
only_parken_105,ok,0.502,2.996,15.225,0.652,0.652,8.1,10.0,ok,37.6,37.9,0.0,9.4,56.2,25.4,ok,2.62,21.07,4.41,9.47,5.11,ok,0.162,0.917,1.275,ok,97.4,2.81,3.1,-0.019,1.247,-0.009,1.594,ok,10.35,0.3,0.83,22.03 s,/corner_geometry,ok,False,1.2,1.4
only_parken_106,ok,0.803,3.235,20.948,0.767,0.767,7.6,4.4,ok,38.1,38.4,0.0,9.3,55.8,25.5,ok,5.08,27.0,4.64,9.82,6.64,ok,0.18,0.887,1.14,ok,95.9,2.88,5.4,-0.022,1.128,-0.054,2.129,ok,10.2,0.3,0.83,22.44 s,/corner_geometry,ok,False,0.8,3.3
only_parken_107,ok,1.24,3.148,15.793,0.756,0.756,7.2,5.2,ok,38.6,38.7,0.0,9.4,55.8,25.5,ok,1.85,5.98,4.67,10.03,5.66,ok,0.155,0.917,1.254,ok,92.7,2.93,5.0,-0.017,1.089,0.014,1.525,ok,9.95,0.3,0.88,22.30 s,/corner_geometry,ok,False,4.1,3.2
only_parken_108,ok,1.051,4.836,328.356,0.756,0.756,6.4,9.0,ok,39.0,39.3,0.0,9.6,55.7,25.6,ok,1.95,4.81,4.52,9.28,5.67,ok,0.16,0.923,1.264,ok,98.4,2.81,1.8,-0.011,1.084,-0.0,1.383,ok,10.46,0.3,0.88,23.87 s,/corner_geometry,ok,False,1.0,0.6
only_parken_109,ok,1.208,4.013,322.143,0.636,0.636,6.8,9.1,ok,39.4,39.5,0.0,9.3,56.2,25.7,ok,1.83,4.51,4.92,10.62,5.53,ok,0.152,0.923,1.336,ok,100.0,3.17,0.0,-0.04,1.095,0.04,1.573,ok,10.17,0.29,0.83,23.78 s,/corner_geometry,ok,False,,
only_parken_11,ok,0.849,2.49,12.094,0.634,0.634,-17.8,-11.4,ok,34.3,34.3,0.0,8.4,35.8,14.1,ok,7.62,47.02,5.26,10.8,8.36,ok,0.17,0.912,1.094,ok,100.0,3.8,0.0,0.255,1.306,-0.234,1.689,ok,9.13,0.35,0.84,17.60 s,/corner_geometry,ok,False,,
only_parken_110,ok,1.533,4.41,16.229,0.636,0.636,7.0,4.5,ok,39.6,39.7,0.0,9.4,56.0,25.7,ok,1.83,4.57,4.37,9.74,5.67,ok,0.152,0.934,1.315,ok,100.0,3.03,0.2,-0.107,1.134,-0.034,1.541,ok,10.43,0.3,0.86,22.39 s,/corner_geometry,ok,False,,
only_parken_111,ok,5.165,7.827,22.446,0.636,0.636,-4.4,-70.4,ok,39.9,40.0,0.0,9.4,55.7,25.9,ok,1.9,5.21,4.38,8.33,4.96,ok,0.148,0.934,1.325,ok,94.7,3.02,5.1,-0.129,1.217,-0.03,1.675,ok,10.09,0.31,0.85,22.02 s,/corner_geometry,ok,False,3.2,2.2
only_parken_112,ok,4.713,7.045,32.865,0.636,0.636,-31.1,-60.0,ok,40.2,40.4,0.0,9.5,55.8,26.0,ok,2.04,8.43,4.39,10.52,6.14,ok,0.154,0.93,1.271,ok,97.1,3.19,3.4,-0.14,1.249,0.024,1.672,ok,9.84,0.3,0.83,22.23 s,/corner_geometry,ok,False,1.2,1.7
only_parken_113,ok,2.617,5.459,335.473,0.672,0.672,-56.7,-110.8,ok,40.5,40.6,0.0,9.4,55.8,25.9,ok,2.05,14.29,4.4,8.72,5.72,ok,0.149,0.912,1.278,ok,90.3,2.82,10.3,-0.1,1.297,0.003,1.772,ok,10.08,0.3,0.84,22.06 s,/corner_geometry,ok,False,1.7,8.0
only_parken_114,ok,0.749,3.613,19.815,0.701,0.701,-72.9,-58.6,ok,40.7,40.8,0.0,9.2,55.6,26.0,ok,2.76,21.02,4.67,10.2,5.87,ok,0.152,0.918,1.289,ok,97.7,2.85,2.7,-0.043,1.056,-0.096,1.728,ok,10.1,0.3,0.83,23.92 s,/corner_geometry,ok,False,0.9,1.3
only_parken_115,ok,1.011,3.72,134.655,0.701,0.701,-49.8,-22.3,ok,40.7,40.8,0.0,9.2,55.3,26.1,ok,2.11,14.48,4.54,8.96,5.39,ok,0.156,0.917,1.303,ok,100.0,3.35,0.4,-0.132,1.231,-0.195,2.245,ok,9.87,0.3,0.83,23.74 s,/corner_geometry,ok,False,,
only_parken_116,ok,0.758,3.267,15.739,0.701,0.746,-38.3,-18.4,ok,40.9,41.0,0.0,9.3,55.7,26.2,ok,2.7,25.21,4.32,9.53,5.72,ok,0.155,0.917,1.24,ok,94.0,2.81,6.6,-0.086,1.364,-0.07,1.654,ok,10.71,0.29,0.83,22.19 s,/corner_geometry,ok,False,2.4,3.6
only_parken_117,ok,0.819,4.143,17.639,0.679,0.746,-28.8,-8.0,ok,41.0,41.1,0.0,9.1,55.9,26.2,ok,2.52,23.35,4.75,10.23,5.53,ok,0.157,0.91,1.288,ok,96.4,3.18,4.5,-0.144,1.291,-0.111,1.821,ok,10.05,0.29,0.83,23.95 s,/corner_geometry,ok,False,1.0,2.6
only_parken_118,ok,0.7,3.298,13.773,0.679,0.679,-24.1,-16.7,ok,41.0,41.0,0.0,9.1,55.5,26.2,ok,2.67,25.39,4.55,9.35,5.43,ok,0.157,0.906,1.283,ok,100.0,3.22,0.2,-0.078,1.265,-0.114,1.717,ok,10.14,0.29,0.81,22.45 s,/corner_geometry,ok,False,,
only_parken_119,ok,1.024,3.02,10.099,0.638,0.638,-12.9,-8.4,ok,40.4,40.5,0.0,9.1,55.1,26.3,ok,2.56,24.85,4.19,8.74,5.03,ok,0.159,0.918,1.269,ok,93.5,2.72,8.2,-0.05,1.182,-0.069,1.674,ok,10.44,0.29,0.81,22.35 s,/corner_geometry,ok,False,1.0,5.5
only_parken_12,ok,0.034,1.828,14.173,0.631,0.631,-8.1,-9.7,ok,34.3,34.3,0.0,8.4,35.8,14.1,ok,17.2,53.11,4.92,10.57,6.72,ok,0.166,0.89,1.103,ok,100.0,4.08,0.0,0.166,1.422,-0.12,1.753,ok,11.46,0.39,0.9,18.31 s,/corner_geometry,ok,False,,
only_parken_13,ok,0.088,1.654,13.643,0.634,0.687,-7.1,-6.2,ok,34.3,34.3,0.0,8.4,35.8,14.1,ok,7.81,46.37,4.85,10.15,7.33,ok,0.177,0.917,1.121,ok,98.5,2.72,1.5,0.17,1.258,-0.09,1.368,ok,11.82,0.35,0.84,17.79 s,/corner_geometry,ok,False,0.9,0.6
only_parken_14,ok,1.05,3.069,332.328,0.634,0.634,-7.5,-8.8,ok,34.3,34.3,0.0,8.4,35.8,14.1,ok,7.97,45.38,4.93,10.85,7.59,ok,0.165,0.937,1.071,ok,100.0,3.32,0.0,0.16,1.094,-0.014,1.462,ok,9.82,0.35,0.83,16.57 s,/corner_geometry,ok,False,,
only_parken_15,ok,0.777,2.796,9.768,0.634,0.634,-7.7,-8.0,ok,34.3,34.3,0.0,8.4,35.8,14.1,ok,7.67,44.23,5.11,11.46,7.57,ok,0.178,0.93,1.074,ok,100.0,3.56,0.0,0.117,1.241,-0.025,1.506,ok,9.76,0.35,0.83,16.75 s,/corner_geometry,ok,False,,
only_parken_16,ok,1.089,3.822,9.216,0.634,0.634,-8.3,-8.0,ok,34.3,34.3,0.0,8.4,35.8,14.1,ok,7.48,43.84,5.68,10.83,7.55,ok,0.168,0.928,1.071,ok,100.0,3.47,0.0,0.237,1.322,-0.166,1.585,ok,9.84,0.34,0.84,16.60 s,/corner_geometry,ok,False,,
only_parken_17,ok,1.078,2.986,13.182,0.634,0.653,-8.5,-4.0,ok,34.3,34.3,0.0,8.4,35.8,14.1,ok,7.93,44.79,4.72,10.45,6.51,ok,0.188,0.922,1.102,ok,100.0,3.41,0.0,0.261,1.389,-0.035,1.66,ok,9.68,0.34,0.83,16.81 s,/corner_geometry,ok,False,,
only_parken_18,ok,1.057,2.572,10.913,0.597,0.597,-7.8,-5.0,ok,34.3,34.3,0.0,8.4,35.8,14.1,ok,7.86,44.67,4.85,9.87,7.47,ok,0.169,0.921,1.061,ok,100.0,3.3,0.0,0.209,1.251,-0.074,1.404,ok,9.66,0.34,0.83,16.49 s,/corner_geometry,ok,False,,
only_parken_19,ok,1.071,3.021,11.427,0.597,0.597,-7.4,-11.5,ok,34.3,34.3,0.0,8.4,35.8,14.1,ok,7.83,43.97,5.23,10.48,7.52,ok,0.173,0.923,1.065,ok,100.0,3.43,0.0,0.198,1.354,-0.117,1.564,ok,9.81,0.34,0.83,16.77 s,/corner_geometry,ok,False,,
only_parken_2,ok,1.027,2.993,38.052,0.646,0.646,-7.5,-5.6,ok,34.3,34.3,0.0,8.4,35.8,14.1,ok,2.3,10.83,3.95,11.1,7.28,ok,0.148,0.927,1.098,ok,100.0,3.73,0.0,-0.002,1.166,-0.11,1.679,ok,10.58,0.33,0.88,21.96 s,/corner_geometry,ok,False,,
only_parken_20,ok,0.932,2.772,11.483,0.597,0.597,-7.1,-5.6,ok,34.3,34.3,0.0,8.4,35.8,14.1,ok,8.64,49.03,5.31,10.32,7.84,ok,0.169,0.937,1.069,ok,100.0,3.39,0.0,0.139,1.237,-0.074,1.442,ok,9.75,0.35,0.83,16.64 s,/corner_geometry,ok,False,,
only_parken_21,ok,0.771,3.143,14.313,0.629,0.629,-6.2,-4.8,ok,24.5,28.6,0.0,8.2,52.3,18.8,ok,,,,,,ok,,,,ok,,,,,,,,ok,0.0,,0.02,,start pose cw_pos1 (assumed!),ok,False,,
only_parken_22,ok,0.939,2.774,11.271,0.578,0.578,-4.4,-4.9,ok,26.4,33.5,0.0,8.8,53.5,18.4,ok,8.13,47.39,4.86,8.98,7.53,ok,0.159,0.929,1.196,ok,100.0,3.69,0.0,0.196,1.399,-0.11,1.685,ok,9.43,0.35,0.83,16.31 s,/corner_geometry,ok,False,,
only_parken_23,ok,1.398,3.043,9.357,0.655,0.655,-8.7,-5.3,ok,27.9,36.7,0.0,8.9,53.7,18.6,ok,8.27,47.52,4.8,8.99,7.52,ok,0.162,0.925,1.153,ok,100.0,3.63,0.0,0.183,1.405,-0.187,1.717,ok,9.98,0.35,0.83,16.35 s,/corner_geometry,ok,False,,
only_parken_24,ok,0.831,2.727,13.475,0.66,0.66,-7.4,-6.7,ok,29.3,37.7,0.0,8.9,53.8,18.6,ok,8.33,47.21,4.73,9.36,8.15,ok,0.164,0.925,1.122,ok,100.0,3.48,0.0,0.168,1.305,-0.048,1.5,ok,10.12,0.34,0.83,16.57 s,/corner_geometry,ok,False,,
only_parken_25,ok,0.683,2.444,8.812,0.66,0.676,-4.9,-3.1,ok,29.5,37.8,0.0,9.0,54.1,26.2,ok,8.26,47.1,4.9,9.37,7.42,ok,0.171,0.926,1.135,ok,100.0,3.59,0.0,0.224,1.396,-0.167,1.658,ok,9.79,0.35,0.83,16.45 s,/corner_geometry,ok,False,,
only_parken_26,ok,1.39,3.774,15.025,0.676,0.676,-4.6,-6.4,ok,30.3,39.9,0.0,9.3,54.3,23.8,ok,9.11,51.42,5.33,10.57,8.58,ok,0.162,0.925,1.138,ok,100.0,3.48,0.0,0.22,1.275,-0.193,1.617,ok,9.7,0.35,0.83,16.53 s,/corner_geometry,ok,False,,
only_parken_27,ok,0.998,4.057,12.706,0.676,0.676,-4.3,-4.1,ok,31.2,41.0,0.0,9.3,54.5,23.8,ok,8.68,49.41,5.05,9.68,7.76,ok,0.162,0.933,1.153,ok,100.0,3.67,0.0,0.279,1.389,-0.166,1.781,ok,9.48,0.35,0.83,16.57 s,/corner_geometry,ok,False,,
only_parken_28,ok,1.062,3.243,13.088,0.755,0.791,-4.8,-4.6,ok,31.5,41.2,0.0,9.0,54.3,23.8,ok,8.18,47.14,5.32,10.15,7.89,ok,0.162,0.926,1.15,ok,100.0,3.32,0.0,0.242,1.414,-0.16,1.676,ok,9.78,0.34,0.85,16.57 s,/corner_geometry,ok,False,,
only_parken_29,ok,1.133,3.365,16.083,0.707,0.791,-4.7,-1.7,ok,31.4,41.2,0.0,8.9,54.3,23.9,ok,8.57,48.08,4.81,8.94,7.5,ok,0.16,0.922,1.174,ok,83.8,2.79,16.0,0.141,1.308,-0.173,1.616,ok,10.72,0.34,0.83,16.47 s,/corner_geometry,ok,False,1.1,15.1
only_parken_3,ok,1.189,2.926,22.435,0.638,0.638,1.9,0.9,ok,34.3,34.3,0.0,8.4,35.8,14.1,ok,2.28,13.3,4.37,10.15,6.76,ok,0.152,0.921,1.122,ok,100.0,3.24,0.0,0.003,1.13,-0.116,1.59,ok,10.18,0.33,0.86,21.71 s,/corner_geometry,ok,False,,
only_parken_30,ok,0.997,3.221,18.339,0.707,0.707,-3.6,-5.8,ok,31.3,40.8,0.0,9.1,54.4,23.9,ok,8.3,47.65,5.07,9.81,8.18,ok,0.162,0.926,1.125,ok,100.0,3.58,0.0,0.206,1.466,-0.198,1.78,ok,9.8,0.34,0.83,16.68 s,/corner_geometry,ok,False,,
only_parken_31,ok,1.275,3.891,11.533,0.657,0.707,-3.2,-2.0,ok,31.4,40.7,0.0,8.9,54.6,24.0,ok,8.71,49.41,4.85,9.6,7.87,ok,0.175,0.926,1.127,ok,100.0,3.51,0.0,0.18,1.489,-0.212,1.736,ok,9.78,0.34,0.83,16.50 s,/corner_geometry,ok,False,,
only_parken_32,ok,0.558,2.552,14.088,0.642,0.643,-4.5,-4.8,ok,30.4,38.9,0.0,8.8,54.4,23.6,ok,,,,,,ok,,,,ok,100.0,2.0,0.0,0.117,0.854,0.04,0.956,ok,0.22,,0.0,,/corner_geometry,ok,False,,
only_parken_33,ok,1.132,3.502,14.257,0.625,0.625,-3.4,-4.4,ok,28.8,34.5,0.0,8.9,54.7,24.7,ok,14.6,47.33,8.97,34.42,18.39,ok,0.16,0.91,1.11,ok,49.2,1.62,52.9,0.221,6.301,-0.072,2.792,ok,12.38,0.31,0.83,16.52 s,/corner_geometry,ok,False,0.8,50.0
only_parken_34,ok,1.301,3.474,19.848,0.667,0.667,-3.0,-4.2,ok,28.8,34.4,0.0,8.9,54.6,24.6,ok,14.3,48.35,8.9,34.68,18.88,ok,0.161,0.917,1.098,ok,100.0,2.83,0.0,0.142,1.426,-0.107,1.534,ok,10.79,0.31,0.83,16.40 s,/corner_geometry,ok,False,,
only_parken_35,ok,0.978,3.622,14.566,0.661,0.661,-4.0,-4.5,ok,28.9,34.4,0.0,8.9,54.8,24.9,ok,14.72,48.32,8.83,33.9,18.31,ok,0.162,0.916,1.101,ok,100.0,2.55,0.0,0.019,1.122,-0.074,1.567,ok,12.0,0.31,0.83,16.45 s,/corner_geometry,ok,False,,
only_parken_36,ok,1.163,3.906,13.634,0.632,0.661,-3.8,-6.6,ok,28.9,34.5,0.0,8.9,54.9,24.9,ok,14.37,47.67,8.87,34.02,18.46,ok,0.171,0.915,1.113,ok,100.0,2.74,0.0,0.029,1.244,-0.1,1.511,ok,10.29,0.31,0.83,16.35 s,/corner_geometry,ok,False,,
only_parken_37,ok,1.098,2.805,26.413,0.638,1.018,-7.2,-6.9,ok,30.4,37.6,0.0,8.9,55.8,25.3,ok,14.5,48.8,8.79,33.29,17.6,ok,0.158,0.902,1.105,ok,100.0,2.02,0.0,0.002,0.296,0.023,0.414,ok,77.29,0.31,0.81,16.47 s,/corner_geometry,ok,False,,
only_parken_38,ok,2.156,3.681,17.133,0.644,0.644,4.3,-21.2,ok,34.2,34.2,0.0,8.5,42.8,16.7,ok,9.94,43.45,7.36,18.05,8.75,ok,0.189,0.918,0.859,ok,90.1,2.85,0.0,0.058,6.524,-0.005,3.493,ok,11.06,0.34,0.85,17.43 s,/corner_geometry,ok,False,0.3,9.6
only_parken_39,ok,0.72,3.441,11.213,0.61,0.61,-8.8,0.2,ok,34.2,34.2,0.0,8.5,42.8,16.7,ok,7.89,47.39,5.08,11.36,7.36,ok,0.189,0.911,1.003,ok,95.4,2.56,4.8,0.334,1.369,-0.086,1.433,ok,11.81,0.34,0.83,17.14 s,/corner_geometry,ok,False,0.8,3.8
only_parken_4,ok,0.056,1.067,21.862,0.624,0.624,3.4,3.2,ok,34.3,34.3,0.0,8.4,35.8,14.1,ok,2.2,12.32,3.93,9.43,6.51,ok,0.15,0.935,1.089,ok,100.0,3.27,0.3,0.023,1.054,-0.095,1.645,ok,11.93,0.33,0.86,22.01 s,/corner_geometry,ok,False,,
only_parken_40,ok,0.967,3.375,22.714,0.61,0.61,-2.8,0.0,ok,34.2,34.2,0.0,8.5,42.8,16.7,ok,20.53,52.16,8.29,34.34,17.02,ok,0.182,0.885,1.001,ok,100.0,3.52,0.0,0.304,1.657,-0.329,1.788,ok,9.04,0.42,0.83,,/corner_geometry,ok,False,,
only_parken_41,ok,1.016,3.598,12.521,0.632,0.632,6.4,10.2,ok,36.7,36.7,0.0,8.4,37.2,16.9,ok,13.97,47.69,8.84,34.27,18.0,ok,0.157,0.93,1.037,ok,79.7,2.91,11.5,0.087,1.404,-0.028,2.053,ok,10.51,0.31,0.83,16.50 s,/corner_geometry,ok,False,0.1,20.1
only_parken_42,ok,1.037,4.333,20.22,0.632,0.637,8.7,11.5,ok,36.7,36.7,0.0,8.4,37.2,16.9,ok,21.23,52.17,8.68,34.57,18.66,ok,0.162,0.898,1.092,ok,100.0,3.63,0.0,0.127,1.522,-0.238,2.12,ok,8.25,0.44,0.83,,/corner_geometry,ok,False,,
only_parken_44,ok,1.95,2.859,998.719,0.586,0.594,89.2,66.9,ok,40.4,40.4,0.0,9.3,43.3,21.9,ok,24.7,47.2,8.52,34.8,17.79,ok,0.227,0.9,0.829,ok,98.1,2.64,1.0,0.072,2.087,-0.075,5.394,ok,11.31,0.37,0.83,,/corner_geometry,ok,False,1.2,0.7
only_parken_45,ok,6.383,11.571,20.214,0.654,0.654,-76.2,-91.1,ok,40.4,40.4,0.0,9.3,43.3,21.9,ok,15.24,48.31,8.39,33.72,17.85,ok,0.156,0.917,1.087,ok,100.0,2.89,0.4,0.029,1.112,-0.033,1.816,ok,10.97,0.32,0.83,16.11 s,/corner_geometry,ok,False,,
only_parken_46,ok,196.931,942.539,992.036,0.654,0.654,-113.2,8.0,ok,40.4,40.4,0.0,9.3,43.3,21.9,ok,14.38,67.27,5.09,8.81,6.58,ok,0.153,0.911,1.164,ok,97.1,3.13,3.6,0.039,1.428,-0.015,1.685,ok,9.93,0.3,0.83,18.91 s,/corner_geometry,ok,False,1.3,1.6
only_parken_47,ok,2.027,250.942,299.943,0.648,0.654,-56.4,19.3,ok,40.4,40.4,0.0,9.3,43.3,21.9,ok,14.35,48.74,8.48,33.64,18.1,ok,0.162,0.918,1.129,ok,100.0,2.69,0.3,0.018,1.13,-0.062,1.443,ok,10.06,0.31,0.83,16.08 s,/corner_geometry,ok,False,,
only_parken_48,ok,0.788,5.614,180.977,0.648,0.648,-11.3,33.7,ok,40.4,40.4,0.0,9.3,43.3,21.9,ok,14.78,50.63,8.58,33.59,18.23,ok,0.156,0.916,1.13,ok,97.2,2.74,3.5,0.047,1.167,-0.055,1.551,ok,9.68,0.31,0.81,16.18 s,/corner_geometry,ok,False,0.9,1.8
only_parken_49,ok,1.04,3.914,24.87,0.627,0.627,-11.7,20.4,ok,40.4,40.4,0.0,9.3,43.3,21.9,ok,14.89,50.24,8.86,33.14,18.51,ok,0.158,0.904,1.09,ok,95.7,2.88,5.1,0.013,1.417,0.001,1.906,ok,10.89,0.31,0.83,16.31 s,/corner_geometry,ok,False,1.1,3.2
only_parken_5,ok,0.82,135.508,325.762,0.635,0.646,3.4,2.4,ok,34.3,34.3,0.0,8.4,35.8,14.1,ok,,,,,,ok,,,,ok,,,,,,,,ok,0.01,,0.0,,start pose cw_pos1 (assumed!),ok,False,,
only_parken_50,ok,1.288,4.538,14.42,0.627,0.627,11.3,13.3,ok,40.4,40.4,0.0,9.3,43.3,21.9,ok,14.98,51.48,8.55,32.2,18.46,ok,0.161,0.919,1.123,ok,100.0,3.13,0.0,0.05,1.229,-0.037,1.867,ok,9.46,0.31,0.83,16.29 s,/corner_geometry,ok,False,,
only_parken_51,ok,0.678,3.526,25.138,0.632,0.632,15.6,15.0,ok,40.4,40.4,0.0,9.3,43.3,21.9,ok,14.39,50.38,8.47,32.25,17.86,ok,0.156,0.903,1.121,ok,100.0,3.16,0.0,0.027,1.164,-0.025,1.583,ok,9.46,0.31,0.83,24.77 s,/corner_geometry,ok,False,,
only_parken_52,ok,0.976,3.604,20.103,0.632,0.652,15.3,25.9,ok,40.4,40.4,0.0,9.3,43.3,21.9,ok,14.71,51.57,4.8,10.7,6.77,ok,0.166,0.927,1.131,ok,100.0,2.68,0.0,0.028,1.105,-0.024,1.323,ok,10.13,0.32,0.84,16.11 s,/corner_geometry,ok,False,,
only_parken_53,ok,1.072,3.661,332.931,0.684,0.684,17.4,19.1,ok,40.4,40.4,0.0,9.3,43.3,21.9,ok,14.18,46.67,8.43,33.07,18.21,ok,0.156,0.912,1.12,ok,100.0,2.56,0.2,0.031,1.095,0.009,1.58,ok,10.7,0.31,0.83,20.31 s,/corner_geometry,ok,False,,
only_parken_54,ok,0.894,3.145,25.95,0.635,0.635,17.9,14.2,ok,40.4,40.4,0.0,9.3,43.3,21.9,ok,6.36,57.7,4.85,13.53,7.08,ok,0.174,0.921,0.834,ok,100.0,3.26,0.0,0.109,1.633,0.044,1.702,ok,10.14,0.4,0.9,,/corner_geometry,ok,False,,
only_parken_55,ok,1.122,2.752,9.624,0.65,0.846,9.5,12.5,ok,33.1,33.1,0.0,8.3,33.9,17.7,ok,9.16,78.75,4.22,10.57,6.31,ok,0.165,0.919,0.858,ok,100.0,3.43,0.0,0.046,2.263,0.055,1.695,ok,9.74,0.45,0.88,,/corner_geometry,ok,False,,
only_parken_56,ok,3.529,5.803,17.629,0.638,0.638,-30.0,-81.7,ok,33.1,33.1,0.0,8.3,33.9,17.7,ok,3.09,14.68,1.26,3.41,3.73,ok,0.159,0.914,0.925,ok,100.0,2.81,0.0,0.005,1.548,-0.013,1.357,ok,12.93,0.35,0.85,22.07 s,/corner_geometry,ok,False,,
only_parken_57,ok,0.834,2.428,9.701,0.962,0.969,-13.7,-8.8,ok,33.1,33.1,0.0,8.3,33.9,17.7,ok,,,,,,ok,,,,ok,100.0,3.66,0.0,-0.047,2.375,-0.027,1.2,ok,10.02,0.19,0.44,,/corner_geometry,ok,False,,
only_parken_58,ok,0.971,4.105,27.94,0.59,0.59,-5.9,-4.6,ok,33.1,33.1,0.0,8.3,33.9,17.7,ok,1.88,10.08,1.21,3.07,2.98,ok,0.162,0.925,0.875,ok,100.0,3.24,0.0,0.083,1.836,0.01,1.613,ok,12.54,0.35,0.88,21.95 s,/corner_geometry,ok,False,,
only_parken_59,ok,1.217,3.413,14.466,0.667,0.675,-4.6,-4.9,ok,33.1,33.1,0.0,8.3,33.9,17.7,ok,2.34,12.68,0.95,2.11,3.25,ok,0.159,0.921,0.894,ok,100.0,3.0,0.0,0.024,1.955,0.009,1.602,ok,12.86,0.35,0.9,22.01 s,/corner_geometry,ok,False,,
only_parken_6,ok,1.173,3.02,14.736,0.975,0.975,3.5,4.3,ok,34.3,34.3,0.0,8.4,35.8,14.1,ok,9.88,25.68,,,,ok,0.12,0.657,0.667,ok,89.8,2.39,10.9,0.037,2.427,-0.007,1.727,ok,2.87,0.17,0.58,,/corner_geometry,ok,False,3.0,7.2
only_parken_60,ok,1.104,4.103,327.3,1.007,1.007,-6.8,-3.5,ok,33.1,33.1,0.0,8.3,33.9,17.7,ok,2.21,9.73,1.31,4.02,3.27,ok,0.162,0.928,0.88,ok,100.0,2.83,0.0,0.034,1.826,-0.003,1.628,ok,12.83,0.34,0.88,21.76 s,/corner_geometry,ok,False,,
only_parken_61,ok,1.151,3.16,20.016,0.597,1.011,-6.1,-5.4,ok,33.1,33.1,0.0,8.3,33.9,17.7,ok,2.17,7.81,1.27,4.15,3.25,ok,0.168,0.929,0.919,ok,100.0,2.36,0.0,0.022,1.752,-0.011,1.455,ok,13.29,0.34,0.88,21.81 s,/corner_geometry,ok,False,,
only_parken_62,ok,1.083,4.273,220.505,0.597,0.597,-5.7,-5.9,ok,33.1,33.1,0.0,8.3,33.9,17.7,ok,2.29,7.48,1.56,4.15,3.24,ok,0.177,0.919,0.897,ok,100.0,3.58,0.0,0.021,1.927,0.014,1.652,ok,11.9,0.36,0.88,22.03 s,/corner_geometry,ok,False,,
only_parken_63,ok,0.92,2.95,27.012,0.597,0.597,-6.0,-5.8,ok,33.1,33.1,0.0,8.3,33.9,17.7,ok,2.07,7.91,1.5,3.83,3.61,ok,0.166,0.927,0.899,ok,100.0,2.95,0.0,0.036,1.8,-0.001,1.544,ok,12.92,0.34,0.88,21.81 s,/corner_geometry,ok,False,,
only_parken_64,ok,0.935,2.87,22.136,0.69,0.845,-5.1,-4.2,ok,33.1,33.1,0.0,8.3,33.9,17.7,ok,2.16,8.82,1.22,3.69,3.26,ok,0.165,0.925,0.906,ok,100.0,2.77,0.0,0.038,1.77,-0.045,1.526,ok,13.12,0.34,0.88,21.83 s,/corner_geometry,ok,False,,
only_parken_65,ok,0.782,3.005,18.452,0.69,0.69,-4.4,-2.5,ok,33.1,33.1,0.0,8.3,33.9,17.7,ok,2.43,7.11,1.41,4.42,3.17,ok,0.164,0.932,0.898,ok,100.0,2.85,0.0,0.04,1.942,-0.017,1.639,ok,12.84,0.35,0.88,21.80 s,/corner_geometry,ok,False,,
only_parken_66,ok,0.755,3.477,21.828,0.605,0.605,-4.8,-3.8,ok,33.1,33.1,0.0,8.3,33.9,17.7,ok,2.49,11.61,2.0,4.97,3.98,ok,0.167,0.923,0.936,ok,100.0,2.6,0.0,0.016,1.639,-0.039,1.552,ok,13.57,0.35,0.9,39.08 s,/corner_geometry,ok,False,,
only_parken_67,ok,1.352,4.021,17.351,0.605,0.605,-4.0,-4.9,ok,33.1,33.1,0.0,8.3,33.9,17.7,ok,2.41,10.81,1.39,3.94,3.1,ok,0.158,0.93,0.923,ok,100.0,3.26,0.0,0.095,1.88,-0.028,1.68,ok,13.22,0.36,0.9,21.56 s,/corner_geometry,ok,False,,
only_parken_68,ok,1.124,3.559,20.703,0.631,0.655,-15.2,-13.9,ok,33.1,33.1,0.0,8.3,33.9,17.7,ok,2.18,8.15,1.51,4.54,3.44,ok,0.164,0.919,0.944,ok,88.0,2.19,0.5,-0.034,1.015,0.059,1.342,ok,13.94,0.36,0.85,21.90 s,/corner_geometry,ok,False,12.0,
only_parken_69,ok,1.192,4.231,31.525,0.655,0.655,-13.7,-10.2,ok,33.1,33.1,0.0,8.3,33.9,17.7,ok,2.18,7.7,1.86,5.11,3.89,ok,0.161,0.921,0.91,ok,100.0,2.76,0.0,-0.086,1.076,0.067,1.497,ok,10.9,0.35,0.9,22.03 s,/corner_geometry,ok,False,,
only_parken_7,ok,0.917,2.417,8.668,0.643,0.643,3.9,4.2,ok,34.3,34.3,0.0,8.4,35.8,14.1,ok,5.54,34.83,5.01,11.14,7.13,ok,0.202,0.904,1.113,ok,100.0,3.59,0.0,0.084,1.197,-0.167,1.584,ok,9.05,0.36,0.83,17.65 s,/corner_geometry,ok,False,,
only_parken_70,ok,1.15,4.035,259.843,0.689,0.882,-10.9,-8.0,ok,33.1,33.1,0.0,8.3,33.9,17.7,ok,2.36,8.98,1.6,4.23,3.19,ok,0.172,0.921,0.911,ok,100.0,1.8,0.0,-0.012,1.141,-0.081,1.201,ok,18.73,0.35,0.9,40.80 s,/corner_geometry,ok,False,,
only_parken_71,ok,1.006,3.261,16.312,0.623,0.623,-10.1,-11.1,ok,33.1,33.1,0.0,8.3,33.9,17.7,ok,2.25,7.3,1.27,3.9,3.26,ok,0.173,0.917,0.923,ok,100.0,2.31,0.0,-0.049,0.982,0.021,1.314,ok,11.45,0.35,0.9,21.81 s,/corner_geometry,ok,False,,
only_parken_72,ok,0.987,2.939,43.161,0.623,0.623,-9.4,-8.0,ok,33.1,33.1,0.0,8.3,33.9,17.7,ok,2.08,8.01,0.8,2.13,3.06,ok,0.161,0.926,0.913,ok,100.0,2.05,0.0,-0.028,1.013,-0.013,1.304,ok,12.67,0.35,0.85,21.85 s,/corner_geometry,ok,False,,
only_parken_73,ok,0.941,2.814,22.653,0.623,0.847,-8.4,-6.1,ok,33.1,33.1,0.0,8.3,33.9,17.7,ok,1.89,7.17,1.14,2.99,3.11,ok,0.162,0.926,0.929,ok,100.0,2.51,0.0,-0.067,1.048,0.059,1.392,ok,11.02,0.35,0.88,21.76 s,/corner_geometry,ok,False,,
only_parken_74,ok,1.373,3.272,23.059,0.657,0.657,-7.2,-7.5,ok,33.1,33.1,0.0,8.3,33.9,17.7,ok,2.09,7.23,1.47,3.97,3.03,ok,0.162,0.931,0.918,ok,100.0,2.7,0.0,-0.044,1.146,0.027,1.608,ok,10.9,0.35,0.88,21.93 s,/corner_geometry,ok,False,,
only_parken_75,ok,1.037,3.266,19.731,0.657,0.657,-6.9,-4.5,ok,33.1,33.1,0.0,8.3,33.9,17.7,ok,2.04,7.62,1.61,4.09,3.59,ok,0.175,0.923,0.943,ok,100.0,2.75,0.0,-0.105,1.017,0.034,1.4,ok,10.42,0.35,0.9,21.99 s,/corner_geometry,ok,False,,
only_parken_76,ok,0.768,2.857,11.85,0.637,0.657,-5.9,-6.5,ok,33.1,33.1,0.0,8.3,33.9,17.7,ok,2.12,7.91,1.76,4.98,4.27,ok,0.163,0.919,0.908,ok,100.0,2.01,0.0,-0.018,1.064,0.007,1.455,ok,10.91,0.35,0.88,21.95 s,/corner_geometry,ok,False,,
only_parken_77,ok,1.165,4.369,195.446,0.637,0.637,-6.1,-9.5,ok,33.1,33.1,0.0,8.3,33.9,17.7,ok,2.27,9.88,1.02,3.33,2.63,ok,0.161,0.923,0.909,ok,100.0,2.71,0.0,-0.114,1.196,0.097,1.599,ok,11.11,0.35,0.88,21.87 s,/corner_geometry,ok,False,,
only_parken_78,ok,0.914,3.863,21.877,0.637,0.637,-7.7,-6.0,ok,33.1,33.1,0.0,8.3,33.9,17.7,ok,2.42,7.52,2.07,5.74,4.44,ok,0.167,0.916,0.929,ok,100.0,2.68,0.0,-0.063,1.148,0.071,1.514,ok,11.03,0.35,0.88,21.98 s,/corner_geometry,ok,False,,
only_parken_79,ok,0.932,3.391,12.575,0.637,0.676,-7.6,-3.8,ok,33.1,33.1,0.0,8.3,33.9,17.7,ok,2.15,9.64,0.99,2.52,2.8,ok,0.17,0.919,0.932,ok,92.7,1.98,7.4,-0.025,1.101,0.015,1.466,ok,11.12,0.34,0.88,21.97 s,/corner_geometry,ok,False,1.1,6.1
only_parken_8,ok,0.568,2.11,19.233,0.732,0.732,-49.7,-38.9,ok,34.3,34.3,0.0,8.4,35.8,14.1,ok,6.64,41.08,4.78,10.96,7.18,ok,0.166,0.925,1.07,ok,100.0,3.49,0.0,0.085,1.321,-0.077,1.478,ok,9.82,0.35,0.83,17.77 s,/corner_geometry,ok,False,,
only_parken_80,ok,0.244,3.309,36.509,0.676,0.676,-5.1,-6.3,ok,33.1,33.1,0.0,8.3,33.9,17.7,ok,14.42,49.51,4.81,9.63,5.97,ok,0.168,0.912,1.181,ok,100.0,3.07,0.0,-0.052,1.277,0.003,1.452,ok,9.78,0.3,0.81,16.39 s,/corner_geometry,ok,False,,
only_parken_81,ok,0.815,4.43,182.27,0.644,0.744,-5.8,-3.8,ok,33.1,33.1,0.0,8.3,33.9,17.7,ok,11.81,47.65,1.29,2.91,2.98,ok,0.158,0.936,1.0,ok,100.0,2.77,0.0,-0.126,1.049,0.098,1.481,ok,10.82,0.3,0.81,21.93 s,/corner_geometry,ok,False,,
only_parken_82,ok,0.256,2.913,20.474,0.644,0.644,-5.5,-9.1,ok,33.1,33.1,0.0,8.3,33.9,17.7,ok,11.73,48.53,1.47,3.48,3.49,ok,0.158,0.931,0.998,ok,100.0,2.86,0.0,-0.072,1.009,0.071,1.526,ok,10.53,0.3,0.83,21.87 s,/corner_geometry,ok,False,,
only_parken_83,ok,0.669,2.808,14.087,0.657,0.657,11.2,20.6,ok,39.6,39.6,0.0,8.7,55.0,17.3,ok,,,,,,ok,,,,ok,,,,,,,,ok,0.5,0.16,0.21,,start pose cw_pos1 (assumed!),ok,False,,
only_parken_84,ok,1.167,2.914,28.739,0.636,0.636,20.3,20.4,ok,39.6,39.6,0.0,8.7,55.0,17.3,ok,6.97,21.6,1.28,2.95,3.04,ok,0.15,0.925,0.965,ok,100.0,2.9,0.0,-0.042,0.9,0.103,1.281,ok,11.47,0.3,0.81,24.48 s,/corner_geometry,ok,False,,
only_parken_85,ok,0.811,2.475,12.629,0.608,0.611,-4.1,3.0,ok,39.6,39.6,0.0,8.7,55.0,17.3,ok,6.34,24.44,1.3,3.14,3.03,ok,0.156,0.933,0.989,ok,100.0,2.99,0.0,-0.024,0.829,0.363,1.326,ok,13.78,0.3,0.8,26.95 s,/corner_geometry,ok,False,,
only_parken_86,ok,0.638,2.753,20.64,0.608,0.608,7.1,7.8,ok,39.6,39.6,0.0,8.7,55.0,17.3,ok,1.7,6.76,1.17,3.13,3.38,ok,0.164,0.931,0.951,ok,100.0,3.29,0.0,-0.238,0.957,0.078,1.356,ok,10.33,0.34,0.83,23.07 s,/corner_geometry,ok,False,,
only_parken_87,ok,0.975,2.649,14.123,0.612,0.802,7.4,6.1,ok,39.6,39.6,0.0,8.7,55.0,17.3,ok,2.06,7.32,1.24,3.34,3.17,ok,0.152,0.93,0.977,ok,100.0,2.62,0.3,0.004,1.157,0.043,1.283,ok,11.97,0.32,0.88,22.89 s,/corner_geometry,ok,False,,
only_parken_88,ok,0.682,5.441,16.303,0.637,0.637,-42.6,-19.3,ok,39.6,39.6,0.0,8.7,55.0,17.3,ok,,,,,,ok,,,,ok,100.0,1.59,0.0,0.025,0.421,0.094,0.465,ok,0.17,,0.0,,/corner_geometry,ok,False,,
only_parken_89,ok,0.955,3.137,16.987,0.639,0.699,-14.1,-7.5,ok,39.6,39.6,0.0,8.7,55.0,17.3,ok,1.84,5.95,1.42,4.25,3.2,ok,0.161,0.939,0.989,ok,100.0,2.91,0.0,-0.009,0.818,0.024,1.354,ok,10.31,0.32,0.81,22.99 s,/corner_geometry,ok,False,,
only_parken_9,ok,0.87,2.625,8.079,0.629,0.629,-19.9,-15.7,ok,34.3,34.3,0.0,8.4,35.8,14.1,ok,6.4,40.68,5.3,11.04,6.68,ok,0.173,0.919,1.104,ok,97.7,2.26,0.8,0.109,0.751,-0.122,1.072,ok,11.94,0.34,0.83,17.80 s,/corner_geometry,ok,False,,2.3
only_parken_90,ok,1.312,2.895,9.354,0.626,0.626,-5.7,-2.2,ok,39.6,39.6,0.0,8.7,55.0,17.3,ok,2.03,7.17,1.49,3.64,3.83,ok,0.167,0.922,0.949,ok,100.0,3.09,0.0,0.007,0.799,0.032,1.157,ok,10.2,0.32,0.83,23.40 s,/corner_geometry,ok,False,,
only_parken_91,ok,0.808,3.063,17.673,0.626,0.626,-5.0,-5.9,ok,39.6,39.6,0.0,8.7,55.0,17.3,ok,2.65,11.39,1.64,4.65,3.5,ok,0.162,0.929,0.999,ok,100.0,2.97,0.0,0.001,0.787,0.03,1.212,ok,10.25,0.32,0.81,23.53 s,/corner_geometry,ok,False,,
only_parken_92,ok,0.76,2.778,12.463,0.63,0.63,-6.9,-9.2,ok,39.6,39.6,0.0,8.7,55.0,17.3,ok,1.71,5.27,1.11,3.09,3.29,ok,0.171,0.933,0.949,ok,100.0,2.89,0.0,0.006,0.858,0.021,1.177,ok,10.64,0.32,0.83,23.45 s,/corner_geometry,ok,False,,
only_parken_93,ok,0.901,2.563,27.645,0.63,0.84,-10.2,-11.2,ok,39.6,39.6,0.0,8.7,55.0,17.3,ok,2.12,7.99,1.23,3.42,3.59,ok,0.162,0.928,0.975,ok,100.0,2.22,0.1,0.076,0.692,0.109,0.852,ok,13.98,0.32,0.81,23.77 s,/corner_geometry,ok,False,,
only_parken_94,ok,1.269,3.955,28.194,0.625,0.625,-3.0,-19.6,ok,32.4,34.0,0.0,8.9,55.3,17.9,ok,1.88,4.82,1.74,4.4,3.78,ok,0.158,0.927,0.977,ok,98.6,2.58,1.1,-0.028,1.098,0.015,1.487,ok,11.79,0.32,0.83,23.73 s,/corner_geometry,ok,False,1.2,0.2
only_parken_95,ok,0.767,3.362,20.333,0.656,0.661,-0.6,-1.4,ok,34.8,35.6,0.0,9.0,55.2,24.1,ok,12.37,51.54,5.05,10.59,7.3,ok,0.157,0.926,1.222,ok,96.9,2.57,4.2,0.039,1.209,-0.026,1.488,ok,10.8,0.34,0.83,16.27 s,/corner_geometry,ok,False,1.0,2.0
only_parken_96,ok,1.17,2.881,11.958,0.641,0.641,4.5,6.0,ok,33.6,34.2,0.0,9.1,55.1,24.1,ok,2.2,15.83,4.13,8.97,5.57,ok,0.152,0.927,1.297,ok,100.0,3.07,0.0,0.021,1.184,-0.038,1.504,ok,10.24,0.3,0.86,21.36 s,/corner_geometry,ok,False,,
only_parken_97,ok,1.145,3.555,34.946,0.641,0.641,4.8,5.4,ok,34.5,34.8,0.0,9.1,55.4,24.2,ok,14.61,52.35,8.87,34.72,18.15,ok,0.163,0.895,1.222,ok,100.0,3.8,0.0,0.099,1.194,0.141,1.67,ok,9.48,0.33,0.83,16.65 s,/corner_geometry,ok,False,,
only_parken_98,ok,1.057,2.695,16.673,0.672,0.791,6.3,7.5,ok,35.3,35.7,0.0,9.1,55.4,24.4,ok,2.9,32.91,4.44,9.57,5.11,ok,0.158,0.916,1.3,ok,100.0,2.28,0.0,0.003,0.957,-0.043,1.213,ok,14.69,0.29,0.83,21.54 s,/corner_geometry,ok,False,,
only_parken_99,ok,0.744,3.801,15.405,0.633,0.633,7.2,6.5,ok,35.6,35.8,0.0,9.0,55.4,24.5,ok,2.14,15.32,4.33,9.18,5.23,ok,0.154,0.922,1.307,ok,100.0,2.85,0.0,0.004,1.181,-0.013,1.464,ok,10.58,0.29,0.83,21.93 s,/corner_geometry,ok,False,,
open_test_1,ok,1.254,3.83,25.328,0.629,0.629,-3.2,-1.3,ok,30.2,34.1,1.8,9.4,54.9,26.3,ok,3.24,11.7,3.36,10.26,5.56,ok,0.155,0.93,1.1,ok,100.0,3.12,0.0,0.091,2.062,-0.296,2.592,ok,26.2,0.53,0.88,"12.62 s, 11.83 s, 12.70 s",/corner_geometry,ok,False,,
open_test_10,ok,0.991,2.561,21.165,0.659,0.706,-6.7,-5.1,ok,30.4,32.5,0.0,8.8,54.2,24.3,ok,3.31,9.0,2.89,6.54,5.27,ok,0.169,0.896,0.937,ok,100.0,2.96,0.0,0.088,1.272,0.45,1.776,ok,27.1,0.97,1.29,"7.98 s, 7.63 s, 7.77 s",/corner_geometry,ok,False,,
open_test_11,ok,1.549,3.01,278.189,0.629,0.637,2.3,-8.2,ok,36.2,36.2,0.0,8.9,55.0,16.1,ok,,,,,,ok,,,,ok,,,,,,,,ok,0.0,,0.04,,start pose cw_pos1 (assumed!),ok,False,,
open_test_12,ok,0.678,15.613,327.218,0.604,0.604,-7.4,4.4,ok,34.3,35.4,0.0,8.8,55.8,21.2,ok,6.12,33.15,4.88,9.4,6.27,ok,0.164,0.873,1.046,ok,100.0,3.2,0.0,0.098,2.213,-0.231,2.648,ok,26.65,0.9,1.34,"13.57 s, 7.37 s, 7.30 s",/corner_geometry,ok,False,,
open_test_13,ok,0.937,4.602,10.548,0.604,0.604,0.7,4.6,ok,35.2,36.7,0.0,9.0,54.5,21.2,ok,5.04,27.66,5.22,9.28,6.45,ok,0.16,0.891,1.064,ok,100.0,3.29,0.0,-0.001,2.356,-0.3,2.679,ok,25.6,0.98,1.3,"7.51 s, 7.23 s, 7.37 s",/corner_geometry,ok,False,,
open_test_14,ok,1.348,3.159,9.027,0.609,0.609,-3.4,-5.5,ok,35.8,39.2,0.0,8.9,55.2,21.5,ok,4.68,20.86,5.07,11.33,6.98,ok,0.164,0.89,1.032,ok,99.2,3.19,0.4,-0.043,1.839,-0.105,2.253,ok,27.95,0.96,1.29,"8.52 s, 7.67 s, 7.87 s",/corner_geometry,ok,False,0.8,
open_test_15,ok,0.961,2.822,15.537,0.625,0.634,-3.4,-0.3,ok,36.8,41.8,0.0,8.9,55.2,21.6,ok,6.39,21.89,4.78,8.46,7.49,ok,0.156,0.915,1.067,ok,100.0,4.19,0.0,0.379,1.341,-0.54,2.887,ok,29.32,0.91,1.3,"7.51 s, 5.83 s, 5.67 s",/corner_geometry,ok,False,,
open_test_2,ok,1.19,3.511,18.773,0.628,0.628,-9.2,-12.4,ok,31.4,35.1,2.4,9.4,55.0,26.8,ok,13.15,28.73,8.89,13.72,11.93,ok,0.155,0.932,0.937,ok,90.9,1.83,16.4,0.007,3.915,0.14,6.03,ok,8.59,0.47,0.9,,/corner_geometry,ok,False,6.6,2.6
open_test_3,ok,0.926,2.518,9.587,0.609,0.609,-10.4,-7.9,ok,26.7,29.1,0.0,8.7,53.8,23.2,ok,3.89,22.92,3.46,7.15,5.1,ok,0.158,0.914,1.149,ok,100.0,3.14,0.0,0.165,1.473,-0.52,1.971,ok,22.6,0.55,0.84,"13.35 s, 11.67 s, 10.70 s",/corner_geometry,ok,False,,
open_test_4,ok,0.91,2.447,5.393,0.605,0.605,-24.1,-14.0,ok,30.7,35.9,0.0,8.7,53.8,23.4,ok,3.31,12.76,4.02,7.62,5.51,ok,0.159,0.882,1.147,ok,100.0,2.9,0.0,0.031,2.476,-0.529,2.219,ok,26.22,0.62,0.9,"11.56 s, 10.30 s, 9.80 s",/corner_geometry,ok,False,,
open_test_5,ok,1.093,2.789,7.191,0.605,0.605,-14.0,-11.8,ok,30.7,34.1,0.0,8.7,53.9,23.4,ok,4.15,22.98,4.06,7.94,5.84,ok,0.167,0.889,1.13,ok,87.2,3.1,6.5,0.032,3.082,-0.202,2.204,ok,25.16,0.61,0.9,"11.56 s, 10.33 s, 9.63 s",/corner_geometry,ok,False,0.1,12.7
open_test_6,ok,0.322,2.676,9.525,0.632,0.632,-8.6,-8.3,ok,30.4,32.8,0.0,8.6,54.1,23.3,ok,2.51,8.04,1.88,4.49,4.26,ok,0.16,0.912,1.061,ok,100.0,2.94,0.0,0.016,1.53,-0.015,1.96,ok,24.77,0.6,0.88,"11.93 s, 10.70 s, 10.10 s",/corner_geometry,ok,False,,
open_test_7,ok,0.731,3.479,9.244,0.608,0.608,-9.1,-9.1,ok,27.8,28.8,0.0,8.6,53.8,23.1,ok,14.14,25.9,1.48,2.89,4.84,ok,0.188,0.926,0.849,ok,85.2,1.72,17.1,-0.025,2.904,-0.059,2.748,ok,4.12,0.72,1.27,,/corner_geometry,ok,False,1.8,13.0
open_test_8,ok,0.65,2.93,6.153,0.62,0.62,-6.3,-6.1,ok,28.7,29.6,0.0,8.7,54.3,24.0,ok,3.22,11.81,2.55,5.82,5.19,ok,0.17,0.899,0.941,ok,88.5,2.77,7.4,0.356,5.663,0.253,2.684,ok,24.54,0.93,1.29,"7.89 s, 6.90 s, 6.70 s",/corner_geometry,ok,False,,11.5
open_test_9,ok,1.16,4.111,13.081,0.62,0.659,-6.3,-5.2,ok,29.7,31.3,0.0,8.7,54.0,24.1,ok,2.68,7.62,3.04,5.96,5.56,ok,0.163,0.908,0.973,ok,98.2,2.88,0.7,0.04,4.659,-0.151,2.777,ok,25.96,0.93,1.29,"7.89 s, 6.87 s, 6.67 s",/corner_geometry,ok,False,0.8,0.9
parken_test_1,ok,1.869,10.716,60.656,0.659,0.659,-6.6,-3.1,ok,71.7,72.1,2.0,9.7,55.0,48.4,ok,14.8,49.94,23.95,71.96,21.03,ok,0.182,0.855,0.935,ok,,3.4,13.7,0.246,1.896,-0.111,3.504,ok,14.85,0.33,3.2,38.93 s,/corner_geometry,ok,True,,
parken_test_10,ok,2.544,10.733,52.241,0.67,0.67,-6.4,-5.8,ok,73.2,92.4,1.8,9.8,58.6,60.6,ok,,,,,,ok,,,,ok,100.0,1.98,0.0,-0.005,1.267,0.076,7.579,ok,40.93,0.25,0.99,,/corner_geometry,ok,True,,
parken_test_11,ok,1.622,8.248,24.793,0.675,0.675,-6.9,-3.6,ok,61.1,67.6,1.6,9.4,57.8,57.6,ok,,,,,,ok,,,,ok,100.0,1.91,0.0,-0.001,0.743,0.83,1.206,ok,2.96,0.12,0.12,,/corner_geometry,ok,True,,
parken_test_12,ok,1.478,6.99,54.771,0.676,0.676,-5.5,-5.2,ok,59.1,63.7,1.7,9.5,57.2,57.7,ok,,,,,,ok,,,,ok,100.0,2.06,0.0,-0.001,0.268,-0.043,0.255,ok,1.09,,0.02,,/corner_geometry,ok,True,,
parken_test_13,ok,1.52,6.986,22.808,0.676,0.676,-5.5,-3.5,ok,54.9,57.8,1.5,9.4,57.3,57.8,ok,,,,,,ok,,,,ok,100.0,2.07,0.0,0.001,0.302,-0.043,0.236,ok,0.75,,0.02,,/corner_geometry,ok,True,,
parken_test_14,ok,2.587,10.287,44.072,0.595,0.595,145.1,36.6,ok,54.9,63.7,1.7,9.8,54.8,45.9,ok,9.32,12.45,6.55,33.65,15.99,ok,0.136,0.811,0.905,ok,38.3,2.47,32.7,-0.095,3.875,0.297,3.1,ok,65.74,0.74,6.24,,/corner_geometry,ok,False,7.7,54.1
parken_test_15,ok,2.825,12.092,18.977,0.649,0.649,-124.4,-91.9,ok,63.3,66.7,1.7,9.5,54.5,44.1,ok,2.53,12.57,3.43,9.69,6.73,ok,0.231,0.761,1.123,ok,93.5,3.51,6.0,0.171,1.849,-0.072,2.573,ok,11.69,0.28,0.46,32.94 s,/corner_geometry,ok,True,1.3,5.2
parken_test_16,ok,1.863,10.647,280.042,0.647,0.672,37.7,51.3,ok,66.2,68.6,1.9,9.6,55.5,45.5,ok,2.96,7.57,3.71,8.12,6.5,ok,0.176,0.879,1.157,ok,100.0,3.91,0.0,0.221,1.829,-0.15,1.977,ok,11.54,0.28,0.52,32.54 s,/corner_geometry,ok,False,,
parken_test_17,ok,1.197,5.98,22.399,0.657,0.657,-1.5,2.5,ok,61.1,61.3,2.2,9.4,56.2,47.1,ok,,,,,,ok,,,,ok,100.0,2.0,0.0,-0.005,0.49,-0.291,1.276,ok,0.13,,0.0,,/corner_geometry,ok,False,,
parken_test_18,ok,1.607,8.024,336.414,0.683,0.683,-4.8,-2.6,ok,63.7,64.0,1.9,9.5,57.6,47.3,ok,3.05,16.02,5.08,11.98,9.11,ok,0.205,0.877,1.091,ok,100.0,3.37,0.0,0.117,1.78,-0.006,2.412,ok,11.72,0.27,0.46,33.85 s,/corner_geometry,ok,True,,
parken_test_19,ok,1.635,8.098,35.692,0.699,0.699,-6.2,-3.1,ok,64.2,64.5,1.7,9.6,57.2,48.1,ok,3.69,9.09,4.59,9.62,8.19,ok,0.173,0.889,1.248,ok,100.0,3.49,0.0,0.088,1.869,-0.225,2.937,ok,12.13,0.27,0.54,33.40 s,/corner_geometry,ok,True,,
parken_test_2,ok,1.865,8.964,40.951,0.758,0.758,9.4,6.2,ok,35.8,49.3,1.8,9.8,54.5,55.6,ok,5.27,19.9,5.33,15.62,9.34,ok,0.197,0.93,0.97,ok,,2.28,44.7,0.311,1.616,0.218,3.06,ok,11.78,0.28,0.49,37.04 s,/corner_geometry,ok,False,,
parken_test_20,ok,1.814,8.795,49.537,0.682,0.682,-6.2,-4.4,ok,64.6,64.8,2.3,9.6,57.3,47.8,ok,3.42,17.27,18.75,30.75,22.29,ok,0.152,0.188,0.207,ok,100.0,3.0,0.0,0.032,1.871,0.021,2.725,ok,8.75,0.3,0.46,,/corner_geometry,ok,True,,
parken_test_21,ok,1.738,8.607,30.064,0.773,0.949,-7.6,-7.9,ok,64.2,64.5,1.6,9.6,57.2,48.3,ok,12.57,53.91,7.88,36.8,16.85,ok,0.168,0.91,1.098,ok,88.4,3.73,3.2,0.605,1.778,-0.051,2.671,ok,20.41,0.31,0.48,"34.62 s, 18.87 s",/corner_geometry,ok,True,,11.6
parken_test_22,ok,1.603,8.84,11.358,0.635,0.801,-106.1,-40.5,ok,57.7,60.9,2.0,9.3,54.9,37.2,ok,17.21,155.78,4.18,12.69,7.58,ok,0.175,0.906,1.098,ok,100.0,3.75,0.0,0.253,1.812,-0.264,2.741,ok,27.36,0.3,0.44,"31.28 s, 21.26 s, 22.77 s",/corner_geometry,ok,True,,
parken_test_23,ok,1.136,5.974,36.74,0.614,0.614,46.6,39.5,ok,59.3,60.5,1.8,9.2,57.5,37.9,ok,3.52,26.2,4.17,8.28,6.94,ok,0.174,0.902,1.238,ok,100.0,3.88,0.0,0.414,2.058,-0.301,2.513,ok,28.12,0.32,0.47,"36.14 s, 19.03 s, 19.31 s",/corner_geometry,ok,True,,
parken_test_24,ok,1.489,7.102,38.642,0.692,0.75,0.5,15.8,ok,61.1,62.0,1.6,9.4,56.5,39.6,ok,3.85,27.71,4.63,7.88,5.78,ok,0.168,0.915,1.298,ok,94.3,3.44,6.2,0.387,2.083,-0.323,2.63,ok,25.74,0.32,0.49,"31.82 s, 18.17 s, 18.54 s",/corner_geometry,ok,True,0.9,4.8
parken_test_25,ok,12.836,17.446,40.488,0.714,0.905,-0.5,-91.4,ok,57.5,57.9,0.0,9.0,54.8,41.2,ok,3.21,12.58,4.2,6.9,6.06,ok,0.156,0.928,1.42,ok,91.9,4.29,2.7,0.56,1.947,-0.324,2.651,ok,26.39,0.32,0.46,"33.75 s, 18.24 s, 19.22 s",/corner_geometry,ok,False,0.8,7.3
parken_test_26,ok,1.574,7.711,29.266,0.696,0.696,-151.5,-139.7,ok,57.6,58.2,1.7,9.4,56.3,41.8,ok,2.91,10.87,4.1,7.37,5.91,ok,0.161,0.929,1.46,ok,93.0,3.8,2.8,0.325,3.086,-0.302,2.977,ok,29.78,0.32,0.45,"33.47 s, 20.73 s, 21.36 s",/corner_geometry,ok,True,,7.0
parken_test_27,ok,1.446,7.417,44.183,0.625,0.625,-23.6,-19.1,ok,63.2,65.5,1.9,9.5,59.0,44.0,ok,5.62,21.88,4.03,7.4,5.86,ok,0.177,0.884,1.165,ok,100.0,3.89,0.0,0.536,2.21,0.255,2.522,ok,14.23,0.29,0.52,35.81 s,/corner_geometry,ok,True,,
parken_test_28,ok,1.634,7.475,32.122,0.652,0.652,-14.5,-13.8,ok,64.1,66.7,1.8,9.5,59.3,43.2,ok,5.03,19.48,4.16,7.49,5.78,ok,0.171,0.909,1.243,ok,100.0,3.96,0.0,0.674,10.927,0.124,2.727,ok,13.2,0.29,0.46,35.80 s,/corner_geometry,ok,True,,
parken_test_29,ok,1.39,7.381,41.015,0.655,0.708,-7.3,-7.6,ok,64.6,67.6,1.6,9.5,58.5,44.5,ok,6.74,23.15,4.62,8.26,6.6,ok,0.179,0.937,1.173,ok,100.0,3.12,0.0,0.723,2.962,0.019,3.137,ok,26.12,0.27,0.55,37.19 s,/corner_geometry,ok,True,,
parken_test_3,ok,2.232,11.011,70.117,0.598,0.598,-27.2,-4.4,ok,36.7,39.3,1.8,9.9,54.8,39.8,ok,16.27,47.1,2.31,8.89,7.77,ok,0.2,0.672,0.649,ok,91.0,3.71,4.4,0.266,2.028,0.052,3.68,ok,12.3,0.32,1.0,35.29 s,/corner_geometry,ok,False,8.8,0.1
parken_test_30,ok,1.162,7.997,36.003,0.618,0.62,3.5,7.5,ok,65.3,68.9,1.7,9.7,59.7,45.1,ok,4.78,18.23,4.23,7.93,6.05,ok,0.16,0.912,1.112,ok,91.0,2.74,2.5,0.313,2.19,0.123,2.715,ok,32.12,0.27,0.71,37.41 s,/corner_geometry,ok,True,0.5,8.4
parken_test_31,ok,1.858,9.281,41.83,0.649,0.649,0.2,-0.9,ok,65.8,69.2,1.8,9.7,59.6,44.2,ok,5.51,28.78,4.08,7.37,6.4,ok,0.178,0.914,1.133,ok,100.0,4.1,0.0,0.554,2.487,0.074,2.945,ok,13.46,0.29,0.53,37.09 s,/corner_geometry,ok,True,,
parken_test_32,ok,1.845,8.964,31.846,0.656,0.656,-5.4,-7.3,ok,66.2,69.6,1.8,9.7,58.9,45.5,ok,6.03,27.55,3.63,6.64,5.53,ok,0.167,0.944,1.094,ok,100.0,3.95,0.1,0.528,2.188,0.009,2.446,ok,13.89,0.27,0.49,37.39 s,/corner_geometry,ok,True,,
parken_test_33,ok,1.645,8.564,31.157,0.626,0.626,-3.9,-3.0,ok,66.5,70.1,1.7,9.7,58.7,45.0,ok,5.81,27.55,3.91,7.15,5.57,ok,0.166,0.933,1.118,ok,100.0,3.72,0.0,0.61,2.475,0.225,3.139,ok,23.4,0.3,1.17,"35.69 s, 21.45 s",/corner_geometry,ok,True,,
parken_test_34,ok,1.568,9.036,31.424,0.626,0.626,-4.3,-1.1,ok,66.7,70.5,1.9,9.7,58.6,45.0,ok,7.91,39.17,3.99,8.01,5.36,ok,0.185,0.923,1.111,ok,100.0,4.01,0.0,0.781,2.409,0.167,3.222,ok,22.06,0.31,0.47,"38.33 s, 21.23 s",/corner_geometry,ok,True,,
parken_test_35,ok,1.555,8.793,34.73,0.681,0.681,-4.7,-3.6,ok,67.0,70.8,1.6,9.7,59.1,44.0,ok,12.08,70.7,3.96,8.31,5.68,ok,0.171,0.93,1.093,ok,100.0,3.75,0.0,0.62,2.311,0.204,2.602,ok,23.1,0.29,0.48,"36.26 s, 21.24 s",/corner_geometry,ok,True,,
parken_test_36,ok,1.385,9.519,43.001,0.626,0.626,-3.7,-2.1,ok,67.5,71.2,2.0,9.8,59.5,44.8,ok,18.51,21.64,0.61,1.21,1.13,ok,0.946,0.465,0.113,ok,100.0,3.1,0.0,0.049,2.287,0.168,2.37,ok,4.69,0.15,0.39,"0.85 s, 0.00 s",/corner_geometry,ok,True,,
parken_test_37,ok,1.754,10.019,52.558,0.626,0.626,-5.2,-0.6,ok,67.7,71.2,1.0,9.7,58.8,44.9,ok,,,,,,ok,,,,ok,100.0,3.17,0.0,0.289,1.87,-0.132,1.956,ok,2.46,0.17,0.23,"-9.64 s, 0.00 s",/corner_geometry,ok,True,,
parken_test_38,ok,3.683,10.697,39.64,0.599,0.604,13.3,-22.9,ok,66.3,76.0,1.8,9.6,57.5,38.8,ok,5.74,28.0,3.31,6.48,5.28,ok,0.159,0.945,1.098,ok,100.0,3.86,0.0,0.551,2.255,0.163,2.808,ok,26.0,0.28,0.46,"53.29 s, 21.16 s",/corner_geometry,ok,True,,
parken_test_39,ok,1.519,7.538,48.54,0.656,0.758,8.8,65.8,ok,71.3,77.9,1.9,9.5,57.3,42.7,ok,5.8,28.99,3.55,6.44,5.54,ok,0.166,0.945,1.113,ok,86.5,2.79,13.6,0.536,2.587,0.061,2.881,ok,30.6,0.28,0.46,"36.04 s, 21.36 s",/corner_geometry,ok,True,1.8,11.6
parken_test_4,ok,1.894,11.018,78.687,0.621,1.009,-9.3,-8.1,ok,42.4,44.8,1.8,9.8,54.6,43.7,ok,5.9,28.51,2.53,6.24,8.33,ok,0.195,0.878,1.002,ok,100.0,3.84,0.0,0.397,1.768,0.245,2.55,ok,28.96,0.33,0.99,"42.29 s, 19.47 s, 20.26 s",/corner_geometry,ok,False,,
parken_test_40,ok,2.381,8.528,40.789,0.758,0.758,25.7,0.8,ok,74.3,79.3,1.9,9.5,58.0,41.7,ok,8.47,43.51,3.39,6.6,5.41,ok,0.161,0.951,1.096,ok,89.6,2.76,8.7,0.471,2.646,0.155,3.953,ok,27.78,0.28,0.46,"50.04 s, 21.23 s",/corner_geometry,ok,True,2.2,8.2
parken_test_41,ok,1.058,8.248,35.967,0.758,1.049,10.9,8.7,ok,76.0,80.4,1.7,9.7,58.2,42.2,ok,9.82,40.95,3.43,6.36,5.34,ok,0.169,0.931,1.05,ok,100.0,3.88,0.0,0.596,2.57,0.214,3.037,ok,24.8,0.28,0.46,"39.06 s, 21.22 s",/corner_geometry,ok,True,,
parken_test_42,ok,1.677,8.938,33.114,0.839,0.839,10.1,2.5,ok,77.2,80.8,1.5,9.7,57.8,42.9,ok,28.74,151.45,2.64,4.56,3.84,ok,0.182,0.952,1.014,ok,100.0,3.83,0.0,0.148,1.95,0.631,2.731,ok,7.24,0.26,0.5,,/corner_geometry,ok,True,,
parken_test_43,ok,3.869,10.335,47.261,0.694,0.709,7.8,-15.2,ok,74.3,76.2,1.8,9.7,60.1,43.3,ok,7.44,28.57,3.39,6.31,5.63,ok,0.158,0.945,1.165,ok,100.0,3.95,0.0,0.726,2.367,-0.044,3.495,ok,28.13,0.27,1.11,"37.10 s, 23.14 s",/corner_geometry,ok,True,,
parken_test_44,ok,3.549,10.401,66.25,0.694,0.694,-39.1,-81.1,ok,74.9,76.7,1.7,9.7,59.0,45.8,ok,12.14,62.08,3.29,8.24,5.76,ok,0.169,0.939,1.131,ok,100.0,3.76,0.0,0.64,2.25,0.194,3.189,ok,25.51,0.27,0.49,"49.21 s, 23.40 s",/corner_geometry,ok,True,,
parken_test_45,ok,1.783,8.834,50.925,0.672,0.694,-54.7,-31.6,ok,75.6,77.3,1.9,9.7,58.4,44.8,ok,7.24,28.18,3.7,6.53,6.15,ok,0.157,0.945,1.181,ok,98.7,3.67,2.0,0.601,2.232,0.087,2.898,ok,24.74,0.27,0.6,"39.26 s, 23.18 s",/corner_geometry,ok,True,1.3,
parken_test_46,ok,1.607,8.402,37.352,0.653,0.693,-6.3,-2.8,ok,75.2,76.6,1.7,9.7,60.7,45.1,ok,16.8,85.13,3.69,6.66,5.77,ok,0.151,0.942,1.14,ok,98.4,3.05,1.9,0.671,2.336,0.024,3.289,ok,25.68,0.27,0.49,"37.52 s, 23.23 s",/corner_geometry,ok,True,0.4,1.2
parken_test_47,ok,1.593,8.195,32.951,0.714,0.714,-3.5,0.0,ok,74.8,75.9,1.6,9.7,58.1,45.6,ok,12.66,44.15,3.48,8.59,6.83,ok,0.159,0.948,1.159,ok,91.3,3.51,4.1,0.564,2.265,-0.123,3.059,ok,33.05,0.31,0.83,"32.26 s, 18.36 s, 20.32 s",/corner_geometry,ok,True,,8.7
parken_test_48,ok,1.494,8.445,37.677,0.76,0.784,-2.9,-2.9,ok,75.2,76.2,1.4,9.7,58.8,46.1,ok,13.24,53.4,4.24,16.07,9.01,ok,0.165,0.938,1.099,ok,100.0,3.85,0.0,0.708,2.345,-0.372,3.904,ok,30.9,0.36,0.67,"29.56 s, 14.89 s, 16.30 s",/corner_geometry,ok,True,,
parken_test_49,ok,1.127,4.506,31.639,0.598,0.598,7.8,10.5,ok,48.4,59.3,1.7,9.6,57.7,40.6,ok,26.77,63.47,7.02,26.91,16.09,ok,0.156,0.767,0.901,ok,100.0,3.67,0.0,0.258,1.725,-0.066,2.353,ok,13.52,0.4,0.85,31.95 s,/corner_geometry,ok,True,,
parken_test_5,ok,1.27,6.166,36.837,0.655,0.748,0.8,4.5,ok,20.6,38.4,1.9,9.2,53.6,40.3,ok,3.04,9.52,2.72,6.45,6.55,ok,0.176,0.897,1.187,ok,96.9,3.63,3.4,0.045,1.476,-0.058,2.252,ok,11.58,0.29,0.46,32.71 s,/corner_geometry,ok,True,1.1,2.0
parken_test_6,ok,0.846,6.079,23.37,0.637,0.637,1.9,3.3,ok,26.2,44.9,1.9,9.3,54.5,41.0,ok,3.03,9.95,2.91,6.58,7.26,ok,0.184,0.903,1.169,ok,100.0,3.77,0.0,0.034,1.349,-0.005,1.94,ok,10.68,0.28,0.46,32.82 s,/corner_geometry,ok,False,,
parken_test_7,ok,1.509,6.266,62.277,0.624,0.624,0.4,-9.8,ok,29.1,48.9,2.0,9.3,55.1,42.2,ok,4.03,13.06,3.38,8.48,7.47,ok,0.191,0.881,1.156,ok,100.0,3.9,0.0,0.214,1.539,-0.223,3.315,ok,10.75,0.28,0.46,41.45 s,/corner_geometry,ok,False,,
parken_test_8,ok,1.595,6.767,242.854,0.648,0.648,-6.1,-4.4,ok,43.6,60.7,1.6,9.2,54.1,41.7,ok,3.05,11.01,3.21,6.45,7.57,ok,0.184,0.893,1.179,ok,100.0,3.73,0.0,0.128,1.411,-0.073,1.867,ok,11.21,0.27,0.46,32.81 s,/corner_geometry,ok,False,,
parken_test_9,ok,1.737,9.237,86.174,0.806,0.806,-2.9,-3.1,ok,47.9,61.8,1.7,9.7,57.1,47.0,ok,6.11,29.09,3.64,10.42,12.73,ok,0.194,0.872,0.925,ok,100.0,3.22,0.0,0.046,1.687,-0.215,2.754,ok,43.28,0.28,2.16,38.15 s,/corner_geometry,ok,False,,
sim_1,ok,0.817,3.109,31.328,0.634,0.634,34.2,32.2,ok,38.4,38.4,0.0,8.4,34.2,18.0,ok,4.78,21.9,1.51,4.69,4.89,ok,0.14,0.927,1.038,ok,100.0,3.05,0.0,-0.35,1.056,0.103,1.366,ok,11.38,0.27,0.81,34.26 s,/corner_geometry,ok,False,,
sim_10,ok,0.912,3.838,21.705,0.647,0.647,15.4,30.2,ok,44.9,44.9,0.0,10.0,56.7,23.4,ok,9.38,62.82,1.25,3.99,4.53,ok,0.164,0.949,0.974,ok,100.0,3.13,0.2,-0.161,1.34,0.033,2.305,ok,28.13,0.41,0.63,"47.72 s, 13.50 s, 15.03 s",/corner_geometry,ok,False,,
sim_11,ok,0.855,3.974,14.19,0.663,0.663,30.5,23.2,ok,44.9,44.9,0.0,10.0,56.7,23.4,ok,6.88,40.23,6.55,37.57,14.28,ok,0.156,0.935,1.124,ok,100.0,3.31,0.0,-0.155,1.505,-0.082,2.071,ok,27.29,0.36,0.65,"30.71 s, 13.20 s, 14.30 s",/corner_geometry,ok,False,,
sim_12,ok,0.514,2.648,11.235,0.683,0.867,25.1,24.8,ok,44.9,44.9,0.0,10.0,56.7,23.4,ok,8.08,53.63,4.18,9.07,5.62,ok,0.154,0.943,1.174,ok,81.3,3.22,7.0,-0.108,1.42,-0.052,1.923,ok,24.33,0.38,0.69,"21.80 s, 13.00 s, 13.83 s",/corner_geometry,ok,False,0.6,18.0
sim_13,ok,0.725,4.769,23.198,0.677,0.677,-0.9,10.7,ok,44.9,44.9,0.0,10.0,56.7,23.4,ok,12.02,73.49,4.33,10.29,5.46,ok,0.157,0.938,1.13,ok,100.0,3.18,0.0,-0.132,1.541,-0.195,2.108,ok,26.21,0.37,0.69,"24.80 s, 13.13 s, 14.20 s",/corner_geometry,ok,True,,
sim_14,ok,1.162,5.122,17.28,0.665,0.665,5.3,7.2,ok,44.9,44.9,0.0,10.0,56.7,23.4,ok,8.16,52.02,4.78,10.37,5.99,ok,0.157,0.934,1.182,ok,97.4,3.16,2.5,-0.039,1.411,-0.124,1.935,ok,24.76,0.37,0.67,"21.81 s, 13.07 s, 14.03 s",/corner_geometry,ok,True,1.0,1.6
sim_15,ok,0.889,5.496,327.307,0.667,0.667,-1.9,0.5,ok,44.9,44.9,0.0,10.0,56.7,23.4,ok,8.32,62.74,1.86,5.85,5.19,ok,0.161,0.938,0.988,ok,89.6,2.97,4.9,-0.014,1.293,0.224,2.0,ok,30.52,0.4,0.81,"35.29 s, 14.10 s, 14.87 s",/corner_geometry,ok,True,0.6,9.8
sim_16,ok,1.085,4.955,20.179,0.667,0.667,-0.6,3.1,ok,44.9,44.9,0.0,10.0,56.7,23.4,ok,7.16,52.12,4.34,8.98,5.93,ok,0.16,0.943,1.156,ok,100.0,3.31,0.0,-0.018,1.405,-0.092,1.878,ok,25.11,0.37,0.69,"22.42 s, 13.70 s, 14.31 s",/corner_geometry,ok,True,,
sim_17,ok,1.139,4.935,30.448,0.656,0.656,5.3,7.4,ok,44.9,44.9,0.0,10.0,56.7,23.4,ok,8.27,39.96,3.99,9.79,6.84,ok,0.17,0.929,1.091,ok,100.0,3.12,0.0,-0.011,1.401,-0.011,2.075,ok,24.69,0.35,0.85,"32.04 s, 13.45 s, 14.14 s",/corner_geometry,ok,True,,
sim_18,ok,1.108,4.946,26.966,0.62,0.62,5.3,4.4,ok,44.9,44.9,0.0,10.0,56.7,23.4,ok,9.36,49.04,4.35,10.36,7.27,ok,0.166,0.92,1.093,ok,98.9,3.1,1.5,0.028,1.492,-0.132,2.258,ok,25.33,0.35,0.88,"32.37 s, 12.93 s, 13.97 s",/corner_geometry,ok,True,0.9,0.2
sim_19,ok,1.023,4.912,48.564,0.637,0.682,-25.9,-21.2,ok,44.9,44.9,0.0,10.0,56.7,23.4,ok,6.17,29.07,4.39,11.27,6.85,ok,0.167,0.943,1.114,ok,100.0,3.03,0.0,0.033,1.553,-0.065,2.302,ok,25.75,0.36,0.9,"32.49 s, 13.50 s, 14.14 s",/corner_geometry,ok,True,,
sim_2,ok,1.085,4.231,19.108,0.814,0.944,33.7,27.4,ok,38.4,38.4,0.0,8.4,34.2,18.0,ok,41.24,80.26,0.23,0.39,3.56,ok,0.091,0.939,1.25,ok,72.8,1.92,33.9,-0.162,1.508,0.482,2.877,ok,8.48,0.2,0.46,,/corner_geometry,ok,False,1.6,25.6
sim_3,ok,7.796,13.108,327.558,0.634,0.814,-79.1,-130.5,ok,38.4,38.4,0.0,8.4,34.2,18.0,ok,9.24,42.89,1.28,3.96,4.96,ok,0.151,0.909,1.017,ok,94.4,2.03,0.3,0.045,0.902,0.259,1.123,ok,48.59,0.39,0.85,"31.30 s, 10.27 s, 12.87 s",/corner_geometry,ok,False,,5.6
sim_4,ok,1.007,3.68,331.961,0.623,0.623,-43.6,-7.3,ok,38.4,38.4,0.0,8.4,34.2,18.0,ok,9.5,57.63,2.04,10.55,5.79,ok,0.154,0.952,1.025,ok,100.0,2.98,0.0,-0.434,1.116,0.054,1.644,ok,24.92,0.4,0.81,"-49.18 s, 0.00 s, 0.00 s",/corner_geometry,ok,False,,
sim_5,ok,1.053,2.872,15.01,0.797,1.004,-3.3,-0.9,ok,38.4,38.4,0.0,8.4,34.2,18.0,ok,9.99,62.64,1.7,5.3,5.03,ok,0.167,0.937,0.995,ok,100.0,2.85,0.0,-0.412,1.339,0.072,1.875,ok,25.99,0.39,0.83,"25.70 s, 11.07 s, 13.27 s",/corner_geometry,ok,False,,
sim_6,ok,3.203,5.763,21.758,0.67,0.67,3.9,-33.4,ok,45.0,45.0,0.0,10.0,50.3,23.3,ok,10.03,63.04,1.5,5.24,4.73,ok,0.164,0.94,1.007,ok,100.0,2.84,0.0,-0.362,1.133,0.027,2.085,ok,24.64,0.39,0.83,"26.92 s, 11.13 s, 13.20 s",/corner_geometry,ok,True,,
sim_7,ok,0.731,2.853,7.69,0.641,0.641,-3.4,5.0,ok,45.0,45.0,0.0,10.0,50.3,23.3,ok,12.18,61.63,5.49,26.66,27.15,ok,0.168,0.95,0.945,ok,100.0,3.22,0.0,-0.074,1.404,0.035,2.115,ok,34.21,0.35,0.65,"37.81 s, 22.84 s, 24.20 s",/corner_geometry,ok,False,,
sim_8,ok,,,,,,,,ok,,,,,,,ok,,,,,,ok,,,,ok,,,,,,,,ok,,,,,,ok,False,,
sim_9,ok,1.414,5.18,28.911,0.634,0.647,7.3,7.9,ok,44.9,44.9,0.0,10.0,56.7,23.4,ok,15.54,92.13,1.9,5.71,4.6,ok,0.178,0.933,0.954,ok,100.0,2.77,0.0,-0.163,1.609,0.114,2.171,ok,33.2,0.38,0.76,"35.37 s, 15.00 s, 16.47 s",/corner_geometry,ok,True,,
video_bag_1,ok,36.567,45.08,50.997,0.584,0.672,269.2,543.9,ok,38.1,44.3,1.8,9.5,53.6,18.3,ok,8.71,38.99,6.58,12.73,10.03,ok,0.143,0.889,1.457,ok,90.4,3.48,6.5,0.055,2.366,-0.229,3.079,ok,34.17,0.34,0.71,"30.95 s, 19.60 s, 18.17 s",/corner_geometry,ok,True,,9.6
video_bag_2,ok,0.921,2.986,13.668,0.628,0.633,0.9,6.2,ok,36.8,40.4,1.7,9.3,55.4,18.4,ok,2.83,14.23,3.75,12.91,6.41,ok,0.138,0.935,0.847,ok,100.0,3.44,0.0,-0.006,2.842,0.446,3.67,ok,32.79,0.57,0.88,"53.21 s, 12.94 s, 13.06 s",/corner_geometry,ok,False,,
