bag,family,run_no,start_utc,outcome
cw_pos1,cw_pos1,0,2026-09-11T08:29:05.139309+00:00,finished
cw_pos1_1,cw_pos1,1,2026-09-11T09:17:57.746911+00:00,ends_driving
cw_pos1_2,cw_pos1,2,2026-09-11T09:36:20.404084+00:00,finished
cw_pos1_3,cw_pos1,3,2026-09-11T10:18:26.726127+00:00,finished
cw_pos1_4,cw_pos1,4,2026-09-11T10:43:41.662937+00:00,finished
cw_pos1_5,cw_pos1,5,2026-09-11T11:33:45.555276+00:00,finished
cw_pos1_7,cw_pos1,7,2026-09-11T12:22:03.447242+00:00,finished
cw_pos1_8,cw_pos1,8,2026-09-11T12:34:49.411126+00:00,finished
cw_pos1_9,cw_pos1,9,2026-09-11T12:42:58.034749+00:00,finished
cw_pos1_10,cw_pos1,10,2026-09-11T12:47:09.818466+00:00,finished
cw_pos1_11,cw_pos1,11,2026-09-11T12:56:13.827518+00:00,finished
cw_pos1_12,cw_pos1,12,2026-09-11T13:05:48.575759+00:00,finished
cw_pos1_13,cw_pos1,13,2026-09-12T08:12:41.645351+00:00,finished
cw_pos1_14,cw_pos1,14,2026-09-12T08:37:07.383375+00:00,finished
cw_pos1_15,cw_pos1,15,2026-09-12T08:44:29.314636+00:00,estop_arc
cw_pos1_16,cw_pos1,16,2026-09-14T11:48:56.681183+00:00,ends_driving
cw_pos1_17,cw_pos1,17,2026-09-14T11:52:07.764129+00:00,finished
cw_pos1_18,cw_pos1,18,2026-09-14T12:06:15.054296+00:00,finished
cw_pos1_19,cw_pos1,19,2026-09-14T12:53:32.342646+00:00,ends_driving
cw_pos1_20,cw_pos1,20,2026-09-14T13:23:48.255479+00:00,finished
cw_pos1_21,cw_pos1,21,2026-09-14T13:52:22.106544+00:00,ends_driving
cw_pos1_22,cw_pos1,22,2026-09-14T14:49:11.466766+00:00,finished
parken_test_1,parken_test,1,2026-09-21T14:52:29.619681+00:00,park_check
parken_test_2,parken_test,2,2026-09-22T10:38:51.038811+00:00,parked_ok
parken_test_3,parken_test,3,2026-09-22T13:50:47.067670+00:00,ends_driving
parken_test_4,parken_test,4,2026-09-22T15:07:15.472263+00:00,park_check
parken_test_5,parken_test,5,2026-09-26T09:44:22.665870+00:00,ends_parking
parken_test_6,parken_test,6,2026-09-26T09:49:35.701481+00:00,parked_ok
parken_test_7,parken_test,7,2026-09-26T09:53:56.049366+00:00,ends_parking
parken_test_8,parken_test,8,2026-09-26T10:45:52.421494+00:00,parked_ok
parken_test_9,parken_test,9,2026-09-26T11:30:25.523536+00:00,parked_ok
parken_test_10,parken_test,10,2026-09-26T12:19:37.107808+00:00,no_start
parken_test_11,parken_test,11,2026-09-26T12:29:16.082183+00:00,no_start
parken_test_12,parken_test,12,2026-09-26T12:31:26.752650+00:00,no_start
parken_test_13,parken_test,13,2026-09-26T12:34:16.840692+00:00,no_start
parken_test_14,parken_test,14,2026-09-26T14:02:46.823506+00:00,estop_arc
parken_test_15,parken_test,15,2026-09-26T14:11:43.394154+00:00,parked_ok
parken_test_16,parken_test,16,2026-09-26T14:19:12.245274+00:00,parked_ok
parken_test_17,parken_test,17,2026-09-26T16:10:33.400240+00:00,park_check
parken_test_18,parken_test,18,2026-09-26T16:56:53.581637+00:00,parked_bad
parken_test_19,parken_test,19,2026-09-26T17:08:49.071772+00:00,parked_bad
parken_test_20,parken_test,20,2026-09-26T17:16:15.704531+00:00,ends_driving
parken_test_21,parken_test,21,2026-09-26T17:46:02.615120+00:00,esp_move
parken_test_22,parken_test,22,2026-09-28T09:15:42.297900+00:00,parked_bad
parken_test_23,parken_test,23,2026-09-28T09:38:33.000098+00:00,esp_move
parken_test_24,parken_test,24,2026-09-28T09:54:35.699289+00:00,parked_bad
parken_test_25,parken_test,25,2026-09-28T10:34:19.177061+00:00,parked_ok
parken_test_26,parken_test,26,2026-09-28T10:38:01.820754+00:00,esp_move
parken_test_27,parken_test,27,2026-09-28T12:04:28.759912+00:00,esp_move
parken_test_28,parken_test,28,2026-09-28T12:13:18.593775+00:00,ends_parking
parken_test_29,parken_test,29,2026-09-28T12:25:10.490560+00:00,parked_ok
parken_test_30,parken_test,30,2026-09-28T12:33:26.889723+00:00,parked_bad
parken_test_31,parken_test,31,2026-09-28T12:44:52.406035+00:00,esp_move
parken_test_32,parken_test,32,2026-09-28T12:59:09.283975+00:00,parked_bad
parken_test_33,parken_test,33,2026-09-28T13:01:08.370853+00:00,parked_bad
parken_test_34,parken_test,34,2026-09-28T13:03:43.053442+00:00,ends_parking
parken_test_35,parken_test,35,2026-09-28T13:15:28.639208+00:00,parked_ok
parken_test_36,parken_test,36,2026-09-28T13:29:46.919600+00:00,ends_driving
parken_test_37,parken_test,37,2026-09-28T13:32:05.640024+00:00,ends_driving
parken_test_38,parken_test,38,2026-09-28T13:44:56.018408+00:00,esp_move
parken_test_39,parken_test,39,2026-09-28T13:46:53.992859+00:00,parked_ok
parken_test_40,parken_test,40,2026-09-28T13:49:47.580520+00:00,parked_ok
parken_test_41,parken_test,41,2026-09-28T13:52:38.995041+00:00,esp_move
parken_test_42,parken_test,42,2026-09-28T13:54:36.800593+00:00,estop_arc
parken_test_43,parken_test,43,2026-09-28T14:10:21.387471+00:00,esp_move
parken_test_44,parken_test,44,2026-09-28T14:12:42.344520+00:00,esp_move
parken_test_45,parken_test,45,2026-09-28T14:14:41.875941+00:00,parked_ok
parken_test_46,parken_test,46,2026-09-28T14:25:26.333509+00:00,parked_ok
parken_test_47,parken_test,47,2026-09-28T14:33:12.189849+00:00,ends_parking
parken_test_48,parken_test,48,2026-09-28T14:37:57.029076+00:00,esp_move
parken_test_49,parken_test,49,2026-09-29T08:23:42.207612+00:00,estop_arc
video_bag_1,video_bag,1,2026-10-02T16:09:10.263236+00:00,esp_move
video_bag_2,video_bag,2,2026-10-02T16:23:22.056506+00:00,ends_driving
open_test_1,open_test,1,2026-10-03T11:44:07.157944+00:00,finished
open_test_2,open_test,2,2026-10-03T12:00:44.403957+00:00,estop_arc
open_test_3,open_test,3,2026-10-03T12:13:38.369654+00:00,finished
open_test_4,open_test,4,2026-10-03T12:24:25.814485+00:00,finished
open_test_5,open_test,5,2026-10-03T12:27:06.868590+00:00,finished
open_test_6,open_test,6,2026-10-03T12:31:43.600980+00:00,finished
open_test_7,open_test,7,2026-10-03T12:37:46.347192+00:00,ends_driving
open_test_8,open_test,8,2026-10-03T12:41:30.711344+00:00,finished
open_test_9,open_test,9,2026-10-03T12:43:35.063739+00:00,finished
open_test_10,open_test,10,2026-10-03T12:46:39.687537+00:00,finished
open_test_11,open_test,11,2026-10-03T13:35:14.195268+00:00,no_start
open_test_12,open_test,12,2026-10-03T13:57:05.750820+00:00,ends_driving
open_test_13,open_test,13,2026-10-03T13:58:42.778156+00:00,finished
open_test_14,open_test,14,2026-10-03T14:12:05.567003+00:00,finished
open_test_15,open_test,15,2026-10-03T14:15:18.057952+00:00,finished
obstacle_test_1,obstacle_test,1,2026-10-03T16:06:04.196261+00:00,estop_arc
obstacle_test_2,obstacle_test,2,2026-10-03T16:11:06.521709+00:00,ends_driving
obstacle_test_3,obstacle_test,3,2026-10-03T16:11:57.907925+00:00,ends_parking
only_parken_1,only_parken,1,2026-10-04T18:11:45.502763+00:00,ends_parking
only_parken_2,only_parken,2,2026-10-04T18:33:44.901920+00:00,parked_ok
only_parken_3,only_parken,3,2026-10-04T18:50:43.785469+00:00,parked_ok
only_parken_4,only_parken,4,2026-10-04T18:57:33.891838+00:00,parked_ok
only_parken_5,only_parken,5,2026-10-04T19:15:53.843933+00:00,no_start
only_parken_6,only_parken,6,2026-10-04T19:23:02.204356+00:00,ends_driving
only_parken_7,only_parken,7,2026-10-04T19:24:51.497679+00:00,esp_move
only_parken_8,only_parken,8,2026-10-04T19:33:39.048084+00:00,parked_ok
only_parken_9,only_parken,9,2026-10-04T19:41:42.599466+00:00,parked_ok
only_parken_10,only_parken,10,2026-10-04T19:47:42.636643+00:00,park_check
only_parken_11,only_parken,11,2026-10-04T19:52:09.118276+00:00,ends_parking
only_parken_12,only_parken,12,2026-10-04T19:57:24.573381+00:00,parked_ok
only_parken_13,only_parken,13,2026-10-04T20:03:05.398264+00:00,parked_ok
only_parken_14,only_parken,14,2026-10-04T20:04:54.508568+00:00,parked_ok
only_parken_15,only_parken,15,2026-10-04T20:06:12.296222+00:00,parked_ok
only_parken_16,only_parken,16,2026-10-04T20:07:17.141624+00:00,parked_ok
only_parken_17,only_parken,17,2026-10-04T20:08:41.447751+00:00,parked_ok
only_parken_18,only_parken,18,2026-10-04T20:09:51.359739+00:00,parked_ok
only_parken_19,only_parken,19,2026-10-04T20:10:54.844107+00:00,parked_ok
only_parken_20,only_parken,20,2026-10-04T20:12:59.143805+00:00,parked_ok
only_parken_21,only_parken,21,2026-10-05T12:51:49.393991+00:00,no_start
only_parken_22,only_parken,22,2026-10-05T13:04:06.858680+00:00,parked_ok
only_parken_23,only_parken,23,2026-10-05T13:09:32.967508+00:00,parked_ok
only_parken_24,only_parken,24,2026-10-05T13:10:55.531987+00:00,parked_ok
only_parken_25,only_parken,25,2026-10-05T13:13:26.324328+00:00,parked_ok
only_parken_26,only_parken,26,2026-10-05T13:14:34.134942+00:00,parked_ok
only_parken_27,only_parken,27,2026-10-05T13:15:47.325742+00:00,parked_ok
only_parken_28,only_parken,28,2026-10-05T13:16:55.403265+00:00,parked_ok
only_parken_29,only_parken,29,2026-10-05T13:18:03.721031+00:00,parked_ok
only_parken_30,only_parken,30,2026-10-05T13:19:44.620686+00:00,parked_ok
only_parken_31,only_parken,31,2026-10-05T13:20:50.896902+00:00,parked_ok
only_parken_32,only_parken,32,2026-10-05T13:23:29.737221+00:00,no_start
only_parken_33,only_parken,33,2026-10-05T13:57:54.983681+00:00,parked_ok
only_parken_34,only_parken,34,2026-10-05T14:02:21.319292+00:00,parked_ok
only_parken_35,only_parken,35,2026-10-05T14:04:25.570188+00:00,parked_ok
only_parken_36,only_parken,36,2026-10-05T14:06:45.345037+00:00,parked_ok
only_parken_37,only_parken,37,2026-10-05T14:08:41.606132+00:00,parked_ok
only_parken_38,only_parken,38,2026-10-05T15:36:28.683216+00:00,parked_ok
only_parken_39,only_parken,39,2026-10-05T15:48:42.833126+00:00,parked_ok
only_parken_40,only_parken,40,2026-10-05T15:51:17.896114+00:00,estop_arc
only_parken_41,only_parken,41,2026-10-05T17:53:35.417355+00:00,parked_ok
only_parken_42,only_parken,42,2026-10-05T17:56:20.503932+00:00,estop_arc
only_parken_44,only_parken,44,2026-10-05T18:28:24.622965+00:00,estop_arc
only_parken_45,only_parken,45,2026-10-05T18:33:43.737668+00:00,parked_ok
only_parken_46,only_parken,46,2026-10-05T18:35:56.685674+00:00,parked_bad
only_parken_47,only_parken,47,2026-10-05T18:37:14.394872+00:00,parked_ok
only_parken_48,only_parken,48,2026-10-05T18:38:51.020980+00:00,parked_ok
only_parken_49,only_parken,49,2026-10-05T18:46:03.783350+00:00,parked_ok
only_parken_50,only_parken,50,2026-10-05T18:47:44.792882+00:00,parked_ok
only_parken_51,only_parken,51,2026-10-05T18:53:45.383389+00:00,parked_ok
only_parken_52,only_parken,52,2026-10-05T18:55:28.338161+00:00,parked_ok
only_parken_53,only_parken,53,2026-10-05T18:58:50.966849+00:00,parked_ok
only_parken_54,only_parken,54,2026-10-05T19:00:32.296824+00:00,estop_arc
only_parken_55,only_parken,55,2026-10-06T12:06:17.111187+00:00,estop_arc
only_parken_56,only_parken,56,2026-10-06T12:16:05.612673+00:00,esp_move
only_parken_57,only_parken,57,2026-10-06T12:31:33.699495+00:00,ends_driving
only_parken_58,only_parken,58,2026-10-06T12:40:45.892206+00:00,parked_ok
only_parken_59,only_parken,59,2026-10-06T12:46:38.337701+00:00,parked_ok
only_parken_60,only_parken,60,2026-10-06T13:00:45.875928+00:00,parked_ok
only_parken_61,only_parken,61,2026-10-06T13:02:28.950128+00:00,parked_ok
only_parken_62,only_parken,62,2026-10-06T13:04:39.196193+00:00,esp_move
only_parken_63,only_parken,63,2026-10-06T13:06:21.841622+00:00,parked_ok
only_parken_64,only_parken,64,2026-10-06T13:08:13.355345+00:00,parked_ok
only_parken_65,only_parken,65,2026-10-06T13:09:51.846071+00:00,parked_ok
only_parken_66,only_parken,66,2026-10-06T13:16:26.392325+00:00,parked_ok
only_parken_67,only_parken,67,2026-10-06T13:18:55.983432+00:00,parked_ok
only_parken_68,only_parken,68,2026-10-06T13:28:35.558809+00:00,parked_ok
only_parken_69,only_parken,69,2026-10-06T13:30:27.488759+00:00,parked_ok
only_parken_70,only_parken,70,2026-10-06T13:32:10.138997+00:00,parked_ok
only_parken_71,only_parken,71,2026-10-06T13:35:17.254370+00:00,parked_ok
only_parken_72,only_parken,72,2026-10-06T13:36:53.554686+00:00,parked_ok
only_parken_73,only_parken,73,2026-10-06T13:39:05.910425+00:00,parked_ok
only_parken_74,only_parken,74,2026-10-06T13:40:26.563879+00:00,parked_ok
only_parken_75,only_parken,75,2026-10-06T13:41:48.582899+00:00,parked_ok
only_parken_76,only_parken,76,2026-10-06T13:43:06.704980+00:00,parked_ok
only_parken_77,only_parken,77,2026-10-06T13:44:53.728156+00:00,parked_ok
only_parken_78,only_parken,78,2026-10-06T13:46:11.999508+00:00,parked_ok
only_parken_79,only_parken,79,2026-10-06T13:47:46.128316+00:00,parked_ok
only_parken_80,only_parken,80,2026-10-06T13:49:51.341090+00:00,parked_ok
only_parken_81,only_parken,81,2026-10-06T13:53:57.151830+00:00,parked_ok
only_parken_82,only_parken,82,2026-10-06T13:55:17.361869+00:00,parked_ok
only_parken_83,only_parken,83,2026-10-06T14:20:52.930264+00:00,ends_driving
only_parken_84,only_parken,84,2026-10-06T14:31:05.097469+00:00,parked_ok
only_parken_85,only_parken,85,2026-10-06T14:44:27.657052+00:00,parked_ok
only_parken_86,only_parken,86,2026-10-06T14:55:05.150714+00:00,esp_move
only_parken_87,only_parken,87,2026-10-06T14:56:45.288142+00:00,parked_ok
only_parken_88,only_parken,88,2026-10-06T15:04:51.078705+00:00,no_start
only_parken_89,only_parken,89,2026-10-06T15:09:39.474869+00:00,parked_ok
only_parken_90,only_parken,90,2026-10-06T15:14:19.382181+00:00,parked_ok
only_parken_91,only_parken,91,2026-10-06T15:15:19.239006+00:00,parked_ok
only_parken_92,only_parken,92,2026-10-06T15:17:19.613365+00:00,parked_ok
only_parken_93,only_parken,93,2026-10-06T15:19:10.031420+00:00,parked_ok
only_parken_94,only_parken,94,2026-10-06T15:29:41.653899+00:00,parked_ok
only_parken_95,only_parken,95,2026-10-06T15:33:51.721770+00:00,parked_ok
only_parken_96,only_parken,96,2026-10-06T15:40:02.090229+00:00,parked_ok
only_parken_97,only_parken,97,2026-10-06T15:42:00.765518+00:00,esp_move
only_parken_98,only_parken,98,2026-10-06T15:43:40.944501+00:00,parked_ok
only_parken_99,only_parken,99,2026-10-06T15:47:48.443049+00:00,parked_ok
only_parken_100,only_parken,100,2026-10-06T15:49:17.828507+00:00,esp_move
only_parken_101,only_parken,101,2026-10-06T15:50:35.754255+00:00,parked_ok
only_parken_102,only_parken,102,2026-10-06T15:53:48.032714+00:00,ends_driving
only_parken_103,only_parken,103,2026-10-06T15:56:09.026498+00:00,parked_ok
only_parken_104,only_parken,104,2026-10-06T15:57:23.850194+00:00,parked_ok
only_parken_105,only_parken,105,2026-10-06T15:58:49.974761+00:00,parked_ok
only_parken_106,only_parken,106,2026-10-06T16:00:13.549085+00:00,parked_ok
only_parken_107,only_parken,107,2026-10-06T16:01:34.573502+00:00,parked_ok
only_parken_108,only_parken,108,2026-10-06T16:03:14.128526+00:00,parked_ok
only_parken_109,only_parken,109,2026-10-06T16:04:50.859513+00:00,parked_ok
only_parken_110,only_parken,110,2026-10-06T16:06:07.421640+00:00,parked_ok
only_parken_111,only_parken,111,2026-10-06T16:07:27.650110+00:00,parked_ok
only_parken_112,only_parken,112,2026-10-06T16:08:34.826771+00:00,parked_ok
only_parken_113,only_parken,113,2026-10-06T16:09:42.678727+00:00,parked_ok
only_parken_114,only_parken,114,2026-10-06T16:10:57.838609+00:00,parked_ok
only_parken_115,only_parken,115,2026-10-06T16:13:20.853029+00:00,parked_ok
only_parken_116,only_parken,116,2026-10-06T16:14:53.042188+00:00,parked_ok
only_parken_117,only_parken,117,2026-10-06T16:16:11.123228+00:00,parked_ok
only_parken_118,only_parken,118,2026-10-06T16:17:40.308333+00:00,parked_ok
only_parken_119,only_parken,119,2026-10-06T16:23:25.638500+00:00,parked_ok
sim_1,sim,1,2026-10-07T09:14:36.117536+00:00,parked_ok
sim_2,sim,2,2026-10-07T09:31:28.254935+00:00,estop_arc
sim_3,sim,3,2026-10-07T09:33:29.606249+00:00,parked_ok
sim_4,sim,4,2026-10-07T10:01:29.931238+00:00,parked_ok
sim_5,sim,5,2026-10-07T10:11:01.913031+00:00,parked_ok
sim_6,sim,6,2026-10-07T10:29:02.388093+00:00,parked_ok
sim_7,sim,7,2026-10-07T10:34:04.643972+00:00,parked_ok
sim_9,sim,9,2026-10-07T10:51:55.441613+00:00,parked_ok
sim_10,sim,10,2026-10-07T10:54:29.165083+00:00,parked_ok
sim_11,sim,11,2026-10-07T10:57:31.180889+00:00,parked_ok
sim_12,sim,12,2026-10-07T11:04:21.862848+00:00,parked_ok
sim_13,sim,13,2026-10-07T11:18:00.527998+00:00,parked_ok
sim_14,sim,14,2026-10-07T11:21:40.430200+00:00,parked_ok
sim_15,sim,15,2026-10-07T11:38:32.308686+00:00,parked_ok
sim_16,sim,16,2026-10-07T11:40:20.473512+00:00,parked_ok
sim_17,sim,17,2026-10-07T11:49:38.257993+00:00,parked_ok
sim_18,sim,18,2026-10-07T11:55:55.856573+00:00,parked_ok
sim_19,sim,19,2026-10-07T12:05:32.271656+00:00,parked_ok
cam_1,cam,1,2026-10-07T12:13:34.496413+00:00,parked_ok
cam_2,cam,2,2026-10-07T12:22:39.661725+00:00,parked_ok
cam_3,cam,3,2026-10-07T12:25:25.123287+00:00,esp_move
cam_4,cam,4,2026-10-07T12:38:16.071302+00:00,parked_ok
cam_5,cam,5,2026-10-07T12:47:04.279505+00:00,parked_ok
cam_6,cam,6,2026-10-07T12:58:48.720891+00:00,parked_ok
cam_7,cam,7,2026-10-07T13:14:41.341784+00:00,parked_ok
cam_8,cam,8,2026-10-07T13:17:32.111325+00:00,parked_ok
cam_9,cam,9,2026-10-07T13:19:31.753481+00:00,parked_ok
cam_10,cam,10,2026-10-07T13:22:40.186914+00:00,parked_ok
cam_11,cam,11,2026-10-07T13:28:52.494121+00:00,parked_ok
cam_12,cam,12,2026-10-07T13:33:01.152623+00:00,parked_ok
cam_13,cam,13,2026-10-07T14:55:03.370725+00:00,parked_ok
cam_14,cam,14,2026-10-07T15:04:50.542686+00:00,parked_ok
cam_15,cam,15,2026-10-07T15:07:24.661674+00:00,parked_ok
cam_16,cam,16,2026-10-07T15:15:12.894836+00:00,parked_ok
cam_17,cam,17,2026-10-07T15:23:25.171687+00:00,parked_ok
cam_18,cam,18,2026-10-07T15:38:52.123348+00:00,parked_ok
cam_19,cam,19,2026-10-07T15:41:39.429505+00:00,parked_ok
cam_20,cam,20,2026-10-07T15:50:51.642134+00:00,parked_ok
cam_21,cam,21,2026-10-07T15:55:20.720278+00:00,parked_ok
cam_22,cam,22,2026-10-07T15:57:15.798221+00:00,parked_ok
cam_23,cam,23,2026-10-07T16:01:20.442043+00:00,parked_ok
cam_24,cam,24,2026-10-07T16:13:22.242329+00:00,parked_ok
cam_25,cam,25,2026-10-07T16:21:39.323268+00:00,parked_ok
cam_26,cam,26,2026-10-07T16:30:05.647931+00:00,parked_ok
cam_27,cam,27,2026-10-07T16:42:37.588357+00:00,parked_ok
cam_28,cam,28,2026-10-07T16:44:51.335425+00:00,parked_ok
cam_29,cam,29,2026-10-07T16:48:40.440926+00:00,parked_ok
cam_30,cam,30,2026-10-07T18:13:08.333464+00:00,parked_ok
cam_31,cam,31,2026-10-07T18:18:04.942731+00:00,parked_ok
cam_32,cam,32,2026-10-07T18:24:13.427938+00:00,parked_ok
cam_33,cam,33,2026-10-07T18:28:54.169460+00:00,parked_ok
cam_34,cam,34,2026-10-08T08:01:12.409739+00:00,parked_ok
cam_35,cam,35,2026-10-08T08:04:41.922579+00:00,parked_ok
cam_36,cam,36,2026-10-08T08:08:24.738914+00:00,parked_ok
cam_37,cam,37,2026-10-08T08:16:43.488314+00:00,parked_ok
cam_38,cam,38,2026-10-08T08:21:04.668713+00:00,parked_ok
cam_39,cam,39,2026-10-08T08:23:37.834000+00:00,parked_ok
cam_40,cam,40,2026-10-08T08:26:35.932048+00:00,parked_ok
cam_41,cam,41,2026-10-08T08:31:11.313208+00:00,parked_ok
cam_42,cam,42,2026-10-08T08:41:04.365178+00:00,parked_ok
cam_43,cam,43,2026-10-08T08:43:04.696202+00:00,parked_ok
cam_44,cam,44,2026-10-08T09:00:58.027558+00:00,parked_ok
cam_45,cam,45,2026-10-08T09:44:51.782786+00:00,parked_ok
cam_46,cam,46,2026-10-08T10:53:24.694838+00:00,parked_ok
cam_47,cam,47,2026-10-08T10:57:50.926049+00:00,parked_ok
cam_48,cam,48,2026-10-08T11:16:57.800113+00:00,parked_ok
cam_49,cam,49,2026-10-08T11:24:55.863628+00:00,parked_ok
cam_50,cam,50,2026-10-08T11:41:38.248080+00:00,parked_ok
cam_51,cam,51,2026-10-08T11:59:04.142058+00:00,esp_move
cam_53,cam,53,2026-10-08T13:09:12.300343+00:00,parked_ok
cam_54,cam,54,2026-10-08T13:11:39.104834+00:00,parked_ok
cam_55,cam,55,2026-10-08T13:22:40.956639+00:00,parked_ok
cam_56,cam,56,2026-10-08T13:24:32.498756+00:00,parked_ok
cam_57,cam,57,2026-10-08T13:27:04.575316+00:00,parked_bad
cam_58,cam,58,2026-10-08T14:10:40.085402+00:00,parked_ok
cam_59,cam,59,2026-10-08T14:12:59.816270+00:00,parked_ok
cam_60,cam,60,2026-10-08T14:15:47.831345+00:00,parked_ok
cam_61,cam,61,2026-10-08T14:20:23.491836+00:00,parked_ok
cam_62,cam,62,2026-10-08T14:22:25.724758+00:00,parked_ok
cam_63,cam,63,2026-10-08T14:24:31.646057+00:00,estop_arc
cam_64,cam,64,2026-10-08T14:35:50.861196+00:00,parked_ok
cam_65,cam,65,2026-10-08T14:38:04.489872+00:00,parked_ok
cam_66,cam,66,2026-10-08T14:43:13.526225+00:00,parked_ok
cam_67,cam,67,2026-10-08T14:50:10.875193+00:00,parked_ok
