bag,run_no,start_utc,duration_s,race_direction,corners,laps,three_laps_logged,finish_logged,parked,park_dist_outer_cm,park_expected_cm,park_lateral_dev_cm,park_heading_deg,park_axle_diff_cm,park_within_2cm,park_bay_rear_cm,park_bay_front_cm,park_log_lang,emergency_stop,estop_t,estop_kind,estop_reason,abort,abort_reason,n_manoeuvres,manoeuvre_reasons,manoeuvre_gave_up,gyro_fail,loc_ok_frac,loc_recovering_frac,loc_lost_frac,loc_lost_s,run_time_s,ect_straight_rms_cm,ect_straight_max_cm,ect_straight_n,eth_straight_rms_deg,eth_straight_max_deg,ect_arc_rms_cm,ect_arc_max_cm,ect_arc_n,eth_arc_rms_deg,eth_arc_max_deg,battery_min_v,cpu_mean_pct,cpu_max_pct,temp_max_c,latency_median_ms,latency_p95_ms,n_errors,rosout_present
cw_pos1,1.0,2026-09-11T08:29:05.139309+00:00,81.3,CW,12.0,3.0,False,True,False,,,,,,,,,,False,,,,False,,0,,False,False,,,,,0.2732725143432617,,,0,11.506,41.663,6.144,24.909,754,11.205,36.11,17.51799964904785,58.4,61.1,55.8,5.013,11.566,8,True
cw_pos1_1,1.0,2026-09-11T09:17:57.746911+00:00,219.01,,,,False,False,False,,,,,,,,,,False,,,,False,,0,,False,False,,,,,0.2732725143432617,,,0,,,,,0,,,17.51799964904785,83.4,84.3,56.7,3.864,9.736,1,True
cw_pos1_2,2.0,2026-09-11T09:36:20.404084+00:00,74.69,CW,12.0,3.0,False,True,False,,,,,,,,,,False,,,,False,,0,,False,False,,,,,0.02942967414855957,,,0,16.341,90.098,2.149,8.4,762,7.696,24.075,17.51799964904785,62.1,77.2,55.8,1.46,8.659,0,True
cw_pos1_3,3.0,2026-09-11T10:18:26.726127+00:00,75.18,CW,12.0,3.0,False,True,False,,,,,,,,,,False,,,,False,,0,,False,False,,,,,57.196842193603516,,,0,16.256,85.939,6.469,26.559,776,12.246,43.064,17.51799964904785,60.3,75.3,55.7,1.504,8.742,0,True
cw_pos1_4,4.0,2026-09-11T10:43:41.662937+00:00,78.1,CW,12.0,3.0,False,True,False,,,,,,,,,,False,,,,False,,0,,False,False,,,,,0.26127123832702637,,,0,18.738,97.903,4.518,19.304,768,12.101,39.71,17.51799964904785,56.1,73.8,55.8,1.645,8.684,0,True
cw_pos1_5,5.0,2026-09-11T11:33:45.555276+00:00,67.0,CW,12.0,3.0,False,True,False,,,,,,,,,,False,,,,False,,0,,False,False,,,,,52.73756408691406,,,0,7.743,37.18,3.642,21.834,767,8.354,33.832,17.51799964904785,54.7,67.9,55.9,1.609,7.225,0,True
cw_pos1_7,7.0,2026-09-11T12:22:03.447242+00:00,75.97,CW,12.0,3.0,False,True,False,,,,,,,,,,False,,,,False,,0,,False,False,,,,,18.000144958496094,,,0,24.535,88.878,8.709,44.925,712,21.032,85.608,17.51799964904785,52.8,62.6,55.2,1.222,5.643,0,True
cw_pos1_8,8.0,2026-09-11T12:34:49.411126+00:00,414.59,CW,12.0,3.0,False,True,False,,,,,,,,,,False,,,,False,,0,,False,False,,,,,1.870072603225708,,,0,9.236,37.313,7.821,34.311,783,14.672,59.74,17.51799964904785,59.2,67.2,56.4,1.308,6.372,0,True
cw_pos1_9,9.0,2026-09-11T12:42:58.034749+00:00,242.05,CW,12.0,3.0,False,True,False,,,,,,,,,,False,,,,False,,0,,False,False,,,,,1.870072603225708,,,0,15.452,81.314,3.566,11.298,846,12.229,29.87,17.51799964904785,65.6,70.4,56.8,1.28,6.56,0,True
cw_pos1_10,10.0,2026-09-11T12:47:09.818466+00:00,87.84,CW,12.0,3.0,False,True,False,,,,,,,,,,False,,,,False,,0,,False,False,,,,,1.870072603225708,,,0,18.582,88.007,3.943,17.964,855,11.521,36.653,17.51799964904785,66.8,71.3,56.6,1.235,6.344,0,True
cw_pos1_11,11.0,2026-09-11T12:56:13.827518+00:00,98.85,CW,12.0,3.0,False,True,False,,,,,,,,,,False,,,,False,,0,,False,False,,,,,56.87989044189453,,,0,3.832,25.332,4.577,20.622,793,9.56,38.406,17.51799964904785,66.3,70.0,55.9,0.865,6.136,0,True
cw_pos1_12,12.0,2026-09-11T13:05:48.575759+00:00,115.8,CW,12.0,3.0,False,True,False,,,,,,,,,,False,,,,False,,0,,False,False,,,,,0.0,,,0,29.287,156.998,5.127,17.452,790,14.068,39.495,17.51799964904785,54.2,62.6,55.5,1.236,6.082,0,True
cw_pos1_13,13.0,2026-09-12T08:12:41.645351+00:00,99.75,CW,12.0,3.0,False,True,False,,,,,,,,,,False,,,,False,,0,,False,False,,,,,70.73822784423828,,,0,11.958,86.269,4.686,19.995,765,9.802,37.358,17.51799964904785,47.5,57.4,54.4,1.288,6.41,0,True
cw_pos1_14,14.0,2026-09-12T08:37:07.383375+00:00,98.17,CW,12.0,3.0,False,True,False,,,,,,,,,,False,,,,False,,0,,False,False,,,,,70.60881805419922,,,0,12.239,55.453,3.612,14.592,770,8.511,27.004,17.51799964904785,42.1,47.2,54.7,1.46,8.193,0,True
cw_pos1_15,15.0,2026-09-12T08:44:29.314636+00:00,47.83,CW,3.0,0.0,False,False,False,,,,,,,,,,True,35.975603224000004,turn_in_point,Einlenkpunkt seitlich verfehlt (lat=0.65). Falsche Ecke? idx 2.,False,,0,,False,False,,,,,25.162384033203125,,,0,19.919,56.108,20.151,39.06,186,17.856,46.364,17.51799964904785,44.9,48.1,54.2,1.798,7.613,1,True
cw_pos1_16,16.0,2026-09-14T11:48:56.681183+00:00,50.14,CW,3.0,0.0,False,False,False,,,,,,,,,,False,,,,False,,0,,False,False,,,,,25.76111602783203,,,0,31.166,85.338,5.653,11.171,205,15.29,28.347,17.51799964904785,36.8,41.1,53.6,1.162,6.202,0,True
cw_pos1_17,17.0,2026-09-14T11:52:07.764129+00:00,152.5,CW,12.0,3.0,False,True,False,,,,,,,,,,False,,,,False,,0,,False,False,,,,,25.76111602783203,,,0,13.311,46.073,3.54,12.283,792,12.235,46.938,17.51799964904785,43.2,51.9,54.6,1.171,6.702,0,True
cw_pos1_18,18.0,2026-09-14T12:06:15.054296+00:00,91.04,CW,12.0,3.0,False,True,False,,,,,,,,,,False,,,,False,,0,,False,False,,,,,75.51789855957031,,,0,4.354,15.282,2.042,5.204,837,7.99,19.253,17.51799964904785,40.9,42.9,54.8,1.347,6.919,0,True
cw_pos1_19,19.0,2026-09-14T12:53:32.342646+00:00,98.76,CW,11.0,2.0,False,False,False,,,,,,,,,,False,,,,False,,0,,False,False,,,,,0.0,,,0,15.162,90.967,11.004,29.104,1027,32.144,65.421,17.51799964904785,36.7,37.5,55.3,1.184,7.115,0,True
cw_pos1_20,20.0,2026-09-14T13:23:48.255479+00:00,92.37,CW,12.0,3.0,False,True,False,,,,,,,,,,False,,,,False,,0,,False,False,,,,,76.79988098144531,,,0,10.721,63.828,4.058,16.626,810,9.435,40.279,17.51799964904785,36.2,36.8,55.4,1.567,7.042,0,True
cw_pos1_21,21.0,2026-09-14T13:52:22.106544+00:00,21.89,CW,0.0,0.0,False,False,False,,,,,,,,,,False,,,,False,,0,,False,False,,,,,76.79988098144531,,,0,7.624,26.158,39.091,67.288,72,58.248,67.599,17.51799964904785,35.8,36.2,55.1,1.706,8.091,0,True
cw_pos1_22,22.0,2026-09-14T14:49:11.466766+00:00,99.1,CW,12.0,3.0,False,True,False,,,,,,,,,,False,,,,False,,0,,False,False,,,,,73.90015411376953,,,0,8.698,67.451,3.442,15.775,805,12.23,52.005,17.51799964904785,35.7,36.1,56.3,1.377,7.097,0,True
parken_test_1,1.0,2026-09-21T14:52:29.619681+00:00,71.78,CCW,4.0,1.0,False,True,False,,,,,,,,,,False,,,,False,,0,,False,False,,,,,7.678789138793945,,,0,14.804,49.943,23.949,71.957,222,21.035,54.055,17.51799964904785,71.7,72.1,55.0,1.869,10.716,1,True
parken_test_2,2.0,2026-09-22T10:38:51.038811+00:00,73.28,CW,4.0,1.0,False,True,True,9.7,14.5,-4.800000000000001,-4.5,0.8,True,,,de,False,,,,False,,0,,False,False,,,,,7.860133171081543,,,0,5.272,19.902,5.331,15.615,263,9.339,24.459,17.51799964904785,35.8,49.3,54.5,1.865,8.964,0,True
parken_test_3,3.0,2026-09-22T13:50:47.067670+00:00,47.57,CW,4.0,1.0,False,False,False,,,,,,,,,,False,,,,False,,0,,False,False,0.9103,0.0883,0.0014,0.06,0.0,,,0,16.268,47.096,2.312,8.887,268,7.767,29.026,17.51799964904785,36.7,39.3,54.8,2.232,11.011,0,True
parken_test_4,4.0,2026-09-22T15:07:15.472263+00:00,104.27,CW,12.0,3.0,False,True,False,,,,,,,,,,False,,,,True,Einparken: Kurs +4.0 grad (Grenze 2.5).,0,,False,False,1.0,0.0,0.0,0.0,0.0,,,0,5.897,28.514,2.533,6.242,728,8.326,17.772,17.51799964904785,42.4,44.8,54.7,1.894,11.018,1,True
parken_test_5,5.0,2026-09-26T09:44:22.665870+00:00,91.44,CCW,4.0,1.0,False,True,False,,,,,,,,,,False,,,,False,,0,,False,False,0.9689,0.0108,0.0203,1.74,0.0,,,0,3.042,9.518,2.725,6.448,256,6.553,16.221,17.51799964904785,20.6,38.4,53.6,1.27,6.166,0,True
parken_test_6,6.0,2026-09-26T09:49:35.701481+00:00,70.5,CCW,4.0,1.0,False,True,True,13.4,16.8,-3.4000000000000004,5.8,1.1,True,,,de,False,,,,False,,0,,False,False,1.0,0.0,0.0,0.0,0.0,,,0,3.032,9.95,2.915,6.583,262,7.26,15.02,17.51799964904785,26.2,44.9,54.6,0.846,6.079,0,True
parken_test_7,7.0,2026-09-26T09:53:56.049366+00:00,67.84,CCW,4.0,1.0,False,True,False,,,,,,,,,,False,,,,False,,0,,False,False,1.0,0.0,0.0,0.0,0.0,,,0,4.028,13.065,3.384,8.476,255,7.472,17.43,17.51799964904785,29.1,48.9,55.1,1.509,6.266,0,True
parken_test_8,8.0,2026-09-26T10:45:52.421494+00:00,75.61,CCW,4.0,1.0,False,True,True,16.3,15.7,0.6000000000000014,6.9,1.3,True,,,de,False,,,,False,,0,,False,False,1.0,0.0,0.0,0.0,0.0,,,0,3.053,11.008,3.211,6.455,257,7.574,18.236,17.51799964904785,43.6,60.7,54.1,1.595,6.767,0,True
parken_test_9,9.0,2026-09-26T11:30:25.523536+00:00,85.77,CCW,4.0,1.0,True,False,True,15.4,16.0,-0.5999999999999996,9.1,1.7,True,,,de,False,,,,False,,0,,False,False,1.0,0.0,0.0,0.0,0.0,,,0,6.111,29.089,3.638,10.423,267,12.735,32.752,17.51799964904785,47.9,61.8,57.1,1.737,9.237,0,True
parken_test_10,10.0,2026-09-26T12:19:37.107808+00:00,45.03,CW,,,False,False,False,,,,,,,,,,False,,,,False,,0,,False,False,1.0,0.0,0.0,0.0,0.0,,,0,,,,,0,,,17.51799964904785,73.2,92.4,58.6,2.544,10.733,2,True
parken_test_11,11.0,2026-09-26T12:29:16.082183+00:00,48.77,CW,,,False,False,False,,,,,,,,,,False,,,,False,,0,,False,False,1.0,0.0,0.0,0.0,0.0,,,0,,,,,0,,,17.51799964904785,61.1,67.6,57.8,1.622,8.248,0,True
parken_test_12,12.0,2026-09-26T12:31:26.752650+00:00,55.16,CCW,,,False,False,False,,,,,,,,,,False,,,,False,,0,,False,False,1.0,0.0,0.0,0.0,0.0,,,0,,,,,0,,,17.51799964904785,59.1,63.7,57.2,1.478,6.99,0,True
parken_test_13,13.0,2026-09-26T12:34:16.840692+00:00,42.6,CCW,,,False,False,False,,,,,,,,,,False,,,,False,,0,,False,False,1.0,0.0,0.0,0.0,0.0,,,0,,,,,0,,,17.51799964904785,54.9,57.8,57.3,1.52,6.986,0,True
parken_test_14,14.0,2026-09-26T14:02:46.823506+00:00,50.18,CCW,1.0,0.0,False,False,False,,,,,,,,,,True,24.547524665,turn_in_point,Einlenkpunkt seitlich verfehlt (lat=0.63). Falsche Ecke? idx 0.,False,,0,,False,False,0.3826,0.0766,0.5408,23.7,0.7402756214141846,,,0,9.318,12.453,6.547,33.646,60,15.987,52.216,17.51799964904785,54.9,63.7,54.8,2.587,10.287,3,True
parken_test_15,15.0,2026-09-26T14:11:43.394154+00:00,74.53,CCW,4.0,1.0,True,False,True,16.8,14.6,2.200000000000001,-0.0,0.0,True,,,de,False,,,,False,,0,,False,False,0.935,0.0129,0.052,3.47,0.7402756214141846,,,0,2.527,12.574,3.431,9.69,235,6.729,17.65,17.51799964904785,63.3,66.7,54.5,2.825,12.092,0,True
parken_test_16,16.0,2026-09-26T14:19:12.245274+00:00,67.32,CCW,4.0,1.0,True,False,True,16.9,15.8,1.0999999999999979,10.6,1.9,True,,,de,False,,,,False,,0,,False,False,1.0,0.0,0.0,0.0,0.7402756214141846,,,0,2.962,7.574,3.715,8.115,239,6.499,16.337,17.51799964904785,66.2,68.6,55.5,1.863,10.647,0,True
parken_test_17,17.0,2026-09-26T16:10:33.400240+00:00,14.74,CCW,,,False,False,False,,,,,,,,,,False,,,,True,"Ausparken: Richtung widerspruechlich: eigene Messung CW (offene Seite), Perzeption CCW. Er faehrt nicht los.",0,,False,False,1.0,0.0,0.0,0.0,3.719855785369873,,,0,,,,,0,,,17.51799964904785,61.1,61.3,56.5,1.197,5.98,1,True
parken_test_18,18.0,2026-09-26T16:56:53.581637+00:00,73.61,CCW,4.0,1.0,True,False,True,17.0,15.5,1.5,12.8,2.3,False,,,de,False,,,,False,,0,,False,False,1.0,0.0,0.0,0.0,9.961042404174805,,,0,3.053,16.018,5.082,11.981,253,9.112,23.69,17.51799964904785,63.7,64.0,57.6,1.607,8.024,0,True
parken_test_19,19.0,2026-09-26T17:08:49.071772+00:00,76.9,CCW,4.0,1.0,True,False,True,15.7,16.6,-0.9000000000000021,14.3,2.6,False,,,de,False,,,,False,,0,,False,False,1.0,0.0,0.0,0.0,0.620091438293457,,,0,3.693,9.092,4.589,9.617,233,8.186,24.167,17.51799964904785,64.2,64.5,57.2,1.635,8.098,0,True
parken_test_20,20.0,2026-09-26T17:16:15.704531+00:00,45.34,CCW,2.0,0.0,False,False,False,,,,,,,,,,False,,,,False,,0,,False,False,1.0,0.0,0.0,0.0,0.620091438293457,,,0,3.417,17.266,18.755,30.753,269,22.289,34.089,17.51799964904785,64.6,64.8,57.4,1.814,8.795,0,True
parken_test_21,21.0,2026-09-26T17:46:02.615120+00:00,78.97,CCW,8.0,2.0,True,False,False,,,,,,,,,,False,,,,True,Einparken: Zug 2 quittiert mit Status 1,0,,False,False,0.8838,0.0,0.1162,9.16,10.73723030090332,,,0,12.565,53.912,7.884,36.802,384,16.854,59.795,17.51799964904785,64.2,64.5,57.2,1.738,8.607,2,True
parken_test_22,22.0,2026-09-28T09:15:42.297900+00:00,108.59,CCW,12.0,3.0,True,False,True,6.9,11.0,-4.1,17.5,3.2,False,,,de,False,,,,False,,0,,False,False,1.0,0.0,0.0,0.0,0.18013453483581543,,,0,17.212,155.778,4.176,12.694,657,7.578,24.869,17.51799964904785,57.7,60.9,54.9,1.603,8.84,0,True
parken_test_23,23.0,2026-09-28T09:38:33.000098+00:00,106.95,CCW,12.0,3.0,True,False,False,,,,,,,,,,False,,,,True,Einparken: Zug 2 quittiert mit Status 1,0,,False,False,1.0,0.0,0.0,0.0,0.18013453483581543,,,0,3.522,26.198,4.166,8.28,722,6.937,18.584,17.51799964904785,59.3,60.5,57.5,1.136,5.974,2,True
parken_test_24,24.0,2026-09-28T09:54:35.699289+00:00,108.74,CCW,12.0,3.0,True,False,True,8.0,10.9,-2.9000000000000004,23.4,4.2,False,,,de,False,,,,False,,0,,False,False,0.9432,0.0092,0.0475,5.05,7.000786781311035,,,0,3.848,27.712,4.632,7.879,682,5.785,15.998,17.51799964904785,61.1,62.0,56.5,1.489,7.102,0,True
parken_test_25,25.0,2026-09-28T10:34:19.177061+00:00,100.89,CCW,12.0,3.0,True,False,True,11.4,11.2,0.20000000000000107,-1.1,0.2,True,,,de,False,,,,False,,0,,False,False,0.9186,0.008,0.0733,7.33,9.36011028289795,,,0,3.206,12.576,4.203,6.899,756,6.057,23.109,17.51799964904785,57.5,57.9,54.8,12.836,17.446,0,True
parken_test_26,26.0,2026-09-28T10:38:01.820754+00:00,115.69,CCW,12.0,3.0,True,False,False,,,,,,,,,,False,,,,True,Einparken: Zug 6 quittiert mit Status 1,0,,False,True,0.9301,0.0,0.0699,8.05,7.439899444580078,,,0,2.912,10.874,4.103,7.371,784,5.908,18.484,17.51799964904785,57.6,58.2,56.3,1.574,7.711,3,True
parken_test_27,27.0,2026-09-28T12:04:28.759912+00:00,83.34,CW,4.0,1.0,True,False,False,,,,,,,,,,False,,,,False,,0,,False,False,1.0,0.0,0.0,0.0,9.359722137451172,,,0,5.625,21.881,4.032,7.4,255,5.862,18.146,17.51799964904785,63.2,65.5,59.0,1.446,7.417,0,True
parken_test_28,28.0,2026-09-28T12:13:18.593775+00:00,60.32,CW,4.0,1.0,True,False,False,,,,,,,,,,False,,,,False,,0,,False,False,1.0,0.0,0.0,0.0,9.659865379333496,,,0,5.034,19.479,4.162,7.49,255,5.783,20.422,17.51799964904785,64.1,66.7,59.3,1.634,7.475,0,True
parken_test_29,29.0,2026-09-28T12:25:10.490560+00:00,112.15,CW,4.0,1.0,True,False,True,12.9,11.4,1.5,-5.2,1.0,True,,,de,False,,,,False,,0,,False,False,1.0,0.0,0.0,0.0,0.48108792304992676,,,0,6.739,23.148,4.621,8.257,266,6.598,17.615,17.51799964904785,64.6,67.6,58.5,1.39,7.381,1,True
parken_test_30,30.0,2026-09-28T12:33:26.889723+00:00,195.55,CW,4.0,1.0,True,False,True,8.5,12.3,-3.8000000000000007,-18.9,3.4,False,,,de,False,,,,False,,0,,False,False,0.9102,0.0054,0.0844,16.41,9.780817031860352,,,0,4.78,18.228,4.226,7.931,245,6.053,17.776,17.51799964904785,65.3,68.9,59.7,1.162,7.997,4,True
parken_test_31,31.0,2026-09-28T12:44:52.406035+00:00,59.1,CW,4.0,1.0,True,False,False,,,,,,,,,,False,,,,True,Einparken: Zug 2 quittiert mit Status 1,0,,False,False,1.0,0.0,0.0,0.0,9.479961395263672,,,0,5.505,28.778,4.077,7.37,251,6.401,19.968,17.51799964904785,65.8,69.2,59.6,1.858,9.281,2,True
parken_test_32,32.0,2026-09-28T12:59:09.283975+00:00,71.64,CW,4.0,1.0,True,False,True,10.3,12.5,-2.1999999999999993,-17.9,3.2,False,,,de,False,,,,False,,0,,False,True,1.0,0.0,0.0,0.0,9.597356796264648,,,0,6.03,27.547,3.633,6.635,256,5.53,16.227,17.51799964904785,66.2,69.6,58.9,1.845,8.964,1,True
parken_test_33,33.0,2026-09-28T13:01:08.370853+00:00,99.85,CW,8.0,2.0,True,False,True,8.8,12.2,-3.3999999999999986,-12.6,2.3,False,,,de,False,,,,False,,0,,False,False,1.0,0.0,0.0,0.0,9.580009460449219,,,0,5.814,27.547,3.911,7.152,474,5.568,28.581,17.51799964904785,66.5,70.1,58.7,1.645,8.564,0,True
parken_test_34,34.0,2026-09-28T13:03:43.053442+00:00,84.83,CW,8.0,2.0,True,False,False,,,,,,,,,,False,,,,False,,0,,False,False,1.0,0.0,0.0,0.0,9.65982437133789,,,0,7.912,39.168,3.995,8.01,483,5.36,18.933,17.51799964904785,66.7,70.5,58.6,1.568,9.036,0,True
parken_test_35,35.0,2026-09-28T13:15:28.639208+00:00,96.53,CW,8.0,2.0,True,False,True,12.0,12.2,-0.1999999999999993,-0.6,0.1,True,,,de,False,,,,False,,0,,False,True,1.0,0.0,0.0,0.0,9.840678215026855,,,0,12.079,70.701,3.958,8.314,486,5.681,17.665,17.51799964904785,67.0,70.8,59.1,1.555,8.793,1,True
parken_test_36,36.0,2026-09-28T13:29:46.919600+00:00,39.03,CW,8.0,2.0,False,False,False,,,,,,,,,,False,,,,False,,0,,False,False,1.0,0.0,0.0,0.0,9.459627151489258,,,0,18.506,21.636,0.607,1.213,44,1.125,2.38,17.51799964904785,67.5,71.2,59.5,1.385,9.519,1,True
parken_test_37,37.0,2026-09-28T13:32:05.640024+00:00,26.12,CW,8.0,2.0,False,False,False,,,,,,,,,,False,,,,False,,0,,False,False,1.0,0.0,0.0,0.0,8.974381446838379,,,0,,,,,0,,,17.51799964904785,67.7,71.2,58.8,1.754,10.019,0,True
parken_test_38,38.0,2026-09-28T13:44:56.018408+00:00,97.72,CW,8.0,2.0,True,False,False,,,,,,,,,,False,,,,False,,0,,False,False,1.0,0.0,0.0,0.0,0.5974392890930176,,,0,5.737,28.002,3.308,6.476,485,5.281,15.965,17.51799964904785,66.3,76.0,57.7,3.683,10.697,0,True
parken_test_39,39.0,2026-09-28T13:46:53.992859+00:00,155.62,CW,8.0,2.0,True,False,True,12.2,12.0,0.1999999999999993,4.1,0.7,True,,,de,False,,,,False,,0,,False,False,0.8652,0.0184,0.1164,18.12,9.99984359741211,,,0,5.801,28.993,3.552,6.442,486,5.543,15.992,17.51799964904785,71.3,77.9,57.3,1.519,7.538,0,True
parken_test_40,40.0,2026-09-28T13:49:47.580520+00:00,149.2,CW,8.0,2.0,True,False,True,12.7,12.1,0.5999999999999996,1.7,0.3,True,,,de,False,,,,False,,0,,False,False,0.8958,0.0219,0.0823,12.22,0.0,,,0,8.465,43.513,3.391,6.605,496,5.406,17.578,17.51799964904785,74.3,79.3,58.0,2.381,8.528,0,True
parken_test_41,41.0,2026-09-28T13:52:38.995041+00:00,95.07,CW,8.0,2.0,True,False,False,,,,,,,,,,False,,,,False,,0,,False,False,1.0,0.0,0.0,0.0,10.132490158081055,,,0,9.824,40.955,3.426,6.362,490,5.342,15.67,17.51799964904785,76.0,80.4,58.2,1.058,8.248,5,True
parken_test_42,42.0,2026-09-28T13:54:36.800593+00:00,59.98,CW,2.0,0.0,False,False,False,,,,,,,,,,True,38.860196506,turn_in_point,Einlenkpunkt seitlich verfehlt (lat=1.46). Falsche Ecke? idx 3.,False,,0,,False,True,1.0,0.0,0.0,0.0,10.20012092590332,,,0,28.738,151.45,2.637,4.558,55,3.837,12.023,17.51799964904785,77.2,80.8,57.8,1.677,8.938,4,True
parken_test_43,43.0,2026-09-28T14:10:21.387471+00:00,97.09,CW,8.0,2.0,True,False,False,,,,,,,,,,False,,,,False,,0,,False,False,1.0,0.0,0.0,0.0,2.679776668548584,,,0,7.439,28.568,3.39,6.311,477,5.632,15.861,17.51799964904785,74.3,76.2,60.2,3.869,10.335,2,True
parken_test_44,44.0,2026-09-28T14:12:42.344520+00:00,95.94,CW,8.0,2.0,True,False,False,,,,,,,,,,False,,,,False,,0,,False,False,1.0,0.0,0.0,0.0,2.679776668548584,,,0,12.139,62.079,3.285,8.241,493,5.76,16.445,17.51799964904785,74.9,76.7,59.0,3.549,10.401,0,True
parken_test_45,45.0,2026-09-28T14:14:41.875941+00:00,125.81,CW,8.0,2.0,True,False,True,14.2,12.8,1.3999999999999986,7.0,1.3,True,,,de,False,,,,False,,0,,False,False,0.9869,0.0131,0.0,0.0,2.679776668548584,,,0,7.242,28.177,3.7,6.53,488,6.152,17.754,17.51799964904785,75.6,77.3,58.4,1.783,8.834,0,True
parken_test_46,46.0,2026-09-28T14:25:26.333509+00:00,157.89,CW,8.0,2.0,True,False,True,13.9,13.0,0.9000000000000004,1.6,0.3,True,,,de,False,,,,True,Ausparken: Zug 1 quittiert mit Status 2,0,,False,False,0.984,0.0038,0.0121,1.92,9.707192420959473,,,0,16.803,85.133,3.691,6.664,483,5.768,16.209,17.51799964904785,75.2,76.6,60.7,1.607,8.402,3,True
parken_test_47,47.0,2026-09-28T14:33:12.189849+00:00,110.79,CCW,12.0,3.0,True,False,False,,,,,,,,,,False,,,,False,,0,,False,False,0.9132,0.0,0.0868,9.49,7.680227279663086,,,0,12.661,44.15,3.484,8.588,473,6.834,22.109,17.51799964904785,74.8,75.9,58.1,1.593,8.195,2,True
parken_test_48,48.0,2026-09-28T14:37:57.029076+00:00,97.74,CCW,12.0,3.0,True,False,False,,,,,,,,,,False,,,,False,,0,,False,False,1.0,0.0,0.0,0.0,7.4800004959106445,,,0,13.24,53.401,4.235,16.065,484,9.015,27.895,17.51799964904785,75.2,76.2,58.8,1.494,8.445,0,True
parken_test_49,49.0,2026-09-29T08:23:42.207612+00:00,60.2,CCW,5.0,1.0,False,False,False,,,,,,,,,,True,48.738126325,turn_in_point,"0.04 m hinter T_A, Bogen nicht fahrbar: selbst mit Radius 0.30 m kaeme er 0.17 m vor der Aussenbande heraus (Minimum 0.20).",False,,0,,False,False,1.0,0.0,0.0,0.0,0.03972482681274414,,,0,26.769,63.472,7.017,26.908,174,16.089,49.916,17.51799964904785,48.4,59.3,57.7,1.127,4.506,1,True
PWM_nachher,,2026-09-29T14:19:47.264138+00:00,114.02,,,,False,False,False,,,,,,,,,,False,,,,False,,0,,False,False,,,,,,,,0,,,,,0,,,17.51799964904785,,,,,,0,False
PWM_Test,,2026-09-29T13:13:31.448855+00:00,187.38,,,,False,False,False,,,,,,,,,,False,,,,False,,0,,False,False,,,,,,,,0,,,,,0,,,,,,,,,0,False
PWM_vorher,,2026-09-29T14:04:10.055160+00:00,505.44,,,,False,False,False,,,,,,,,,,False,,,,False,,0,,False,False,,,,,,,,0,,,,,0,,,17.51799964904785,,,,,,0,False
